{
  "nombre_tablero": "PILA",
  "tipologia": "pila",
  "pila": {
    "H": 14.0,
    "np": 10,
    "e_long": 0.0,
    "material": {
      "E": 33000000000.0,
      "nu": 0.2,
      "G": 13750000000.0,
      "rho": 2500.0,
      "fck": 30000000.0
    },
    "pila_sec": {
      "A": 2.25,
      "Iy": 0.421875,
      "Iz": 0.421875,
      "J": 0.71296875,
      "b": 1.5,
      "h": 1.5,
      "d": 1.4
    },
    "suelo": {
      "kx": 800000000.0,
      "kz": 1500000000.0,
      "kry": 900000000.0
    },
    "q_viento_pila_N_m": 3000.0,
    "As_pila_m2": 0.025,
    "beta_pila": 2.0,
    "apoyo": {
      "tipo": "elastomerico",
      "a": 0.45,
      "b": 0.6,
      "Te": 0.063,
      "t_capa": 0.012,
      "n_capas": 5
    },
    "cimentacion": {
      "tipo": "pilotes",
      "D": 1.0,
      "L": 18.0,
      "qs": 60000.0,
      "qb": 2500000.0,
      "n": 4,
      "sep": 3.0,
      "encepado_canto": 1.4
    }
  },
  "aparato_apoyo": {
    "tipo": "elastomerico",
    "vector": [
      3857142.8571428577,
      3857142.8571428577,
      2656705539.358601,
      79701166.18075803,
      44831905.9766764,
      180803.57142857142
    ],
    "Kh_N_m": 3857142.8571428577,
    "Kv_N_m": 2656705539.358601,
    "Ec_Pa": 619897959.1836736,
    "S": 10.714285714285715,
    "a": 0.45,
    "b": 0.6,
    "Te": 0.063
  },
  "reacciones": {
    "modo": "caso",
    "N_G_N": 4200000.0,
    "N_LM1_N": 1500000.0,
    "H_frenado_N": 360000.0,
    "H_viento_N": 120000.0,
    "H_termica_N": 150000.0,
    "M_G_Nm": 0.0,
    "M_LM1_Nm": 0.0
  },
  "cargas_cabeza": {
    "head": "P_10",
    "N_G_N": 4200000.0,
    "N_LM1_N": 1500000.0,
    "H_frenado_N": 360000.0,
    "H_viento_N": 120000.0,
    "H_termica_N": 150000.0,
    "e_long_m": 0.0
  },
  "f1_Hz": 1.8950307492695115,
  "esfuerzos_base": {
    "N_base": 8737925.62499974,
    "M_base": 10470599.999992806,
    "V_base": 766800.0000000403
  },
  "dx_cabeza_m": 0.21266106969681892,
  "checks": [
    {
      "nombre": "fuste_flexocompresion",
      "N_Ed_kN": 8737.92562499974,
      "M_Ed_kNm": 11020.026456545333,
      "M_Rd_kNm": 12346.1392062537,
      "N_Rd_max_kN": 49119.565217391304,
      "aprov": 0.8925888710993433,
      "delta_2orden": 1.0524732543075759,
      "N_cr_kN": 175259.43720843867,
      "cumple": true
    },
    {
      "nombre": "fuste_cortante_biela",
      "V_Ed_kN": 766.8000000000403,
      "V_Rd_max_kN": 6882.206896551726,
      "aprov": 0.11141774891775474,
      "Asw_s_cm2_m": 5.598857142857436,
      "cumple": true
    }
  ],
  "cimentacion": {
    "tipo": "pilotes",
    "n": 4,
    "D_m": 1.0,
    "L_m": 18.0,
    "Rc_d_kN": 3918.9354512088057,
    "N_pilote_max_kN": 3286.484051904468,
    "N_pilote_min_kN": 1082.4787605954016,
    "aprov": 0.8386165306424589,
    "ok": true,
    "traccion": false,
    "veredicto": "CUMPLE"
  },
  "elementos_chk": [
    {
      "nombre": "PILA_fuste",
      "N_Ed_kN": 8737.92562499974,
      "M_Ed_kNm": 11020.026456545333,
      "M_Rd_kNm": 12346.1392062537,
      "aprov_max": 0.8925888710993433,
      "veredicto": "CUMPLE",
      "delta_2orden": 1.0524732543075759
    },
    {
      "nombre": "CIMENTACION_pilotes",
      "aprov_max": 0.8386165306424589,
      "veredicto": "CUMPLE"
    }
  ],
  "delta_2orden": 1.0524732543075759,
  "aprovechamiento_max": 0.8925888710993433,
  "veredicto_global": "CUMPLE",
  "mapping_writeback": {
    "elementos": {
      "PILA_fuste": {
        "Pset_Estructurando_ResultadoPuente": {
          "Tipologia": "pila",
          "Aprovechamiento_max": 0.893,
          "Veredicto": "CUMPLE",
          "M_Ed_ELU_kNm": 11020.0,
          "M_Rd_kNm": 12346.1,
          "N_Ed_ELU_kN": 8737.9
        }
      },
      "CIMENTACION_pilotes": {
        "Pset_Estructurando_ResultadoPuente": {
          "Tipologia": "pila",
          "Aprovechamiento_max": 0.839,
          "Veredicto": "CUMPLE"
        }
      },
      "PILA": {
        "Pset_Estructurando_ResultadoPuente": {
          "Tipologia": "pila",
          "Cimentacion": "pilotes",
          "Aprov_cimentacion": 0.839,
          "Delta_2orden": 1.052,
          "Desplazamiento_cabeza_mm": 212.7,
          "Frecuencia_fundamental_Hz": 1.9,
          "Aprovechamiento_max": 0.893,
          "Veredicto_global": "CUMPLE"
        }
      }
    }
  }
}