{
  "info": {
    "Hm": 5.0,
    "t_alz": 0.4,
    "n": 22,
    "B": 3.4,
    "e_z": 0.5,
    "puntera": 1.0,
    "talon": 2.0,
    "material": "C30/37",
    "gamma_hormigon_kN_m3": 24.525,
    "H": 5.5,
    "Ka": 0.3333333333333333,
    "Kp": 2.9999999999999982,
    "metodo": "rankine"
  },
  "factores": {
    "EQU": {
      "G_dst": 1.1,
      "G_stb": 0.9,
      "Q_dst": 1.5
    },
    "GEO_DA2*": {
      "G_sup": 1.35,
      "Q_sup": 1.5,
      "gR_h": 1.1,
      "gR_v": 1.4,
      "gR_e": 1.4
    },
    "nota": "NDP [confirmar AN Espana]"
  },
  "vuelco": {
    "M_estab_d_kNm": 534.0035250000001,
    "M_vuelco_d_kNm": 269.52988927734384,
    "u": 0.504734288556136,
    "FS_caracteristico": 2.617350578673723,
    "ok": true
  },
  "deslizamiento": {
    "H_d_kN": 157.142046875,
    "R_d_kN": 161.84381484124097,
    "R_friccion_kN": 155.32952912695526,
    "R_pasivo_kN": 6.514285714285712,
    "N_favorable_kN": 295.9425,
    "u": 0.9709487324501519,
    "FS_caracteristico": 1.6747288040749249,
    "ok": true
  },
  "hundimiento": {
    "N_d_kN": 429.522375,
    "e_m": 0.39760893083840365,
    "e_lim_B6_m": 0.5666666666666667,
    "Bp_m": 2.6047821383231926,
    "q_Ed_kPa": 164.89761991246667,
    "Rd_kPa": 300.0,
    "u": 0.5496587330415555,
    "ok_despegue": true,
    "ok": true
  },
  "alzado": {
    "d_mm": 340.0,
    "flexion": {
      "M_Ed_kNm_m": 240.62500000244373,
      "As_cm2_m": 17.226241697839132,
      "As_min_cm2_m": 5.1272,
      "As_prov_cm2_m": 17.226241697839132,
      "rho": 0.005066541675835039,
      "ok": true
    },
    "cortante": {
      "V_Ed_kN_m": 131.87500000081934,
      "VRdc_kN_m": 178.5798273731369,
      "u": 0.7384652675538245,
      "ok": true
    },
    "armado": "phi16/100 (trasdos)",
    "As_prov_cm2_m": 20.106192982974672,
    "fisuracion": {
      "w_k_mm": 0.26328884946247705,
      "lim_mm": 0.3,
      "u": 0.8776294982082569,
      "ok": true,
      "sigma_s_MPa": 234.77376772592112,
      "phi_mm": 16,
      "s_mm": 100,
      "rho_ef": 0.01340412865531645
    }
  },
  "puntera": {
    "d_mm": 440.0,
    "p_borde_kPa": 214.9712516236619,
    "p_cara_kPa": 144.5797570384356,
    "flexion": {
      "M_Ed_kNm_m": 75.74460678342219,
      "As_cm2_m": 3.998880747958515,
      "As_min_cm2_m": 6.6352,
      "As_prov_cm2_m": 6.6352,
      "rho": 0.001508,
      "ok": true
    },
    "cortante": {
      "V_Ed_kN_m": 74.34096234116141,
      "VRdc_kN_m": 182.72261463641155,
      "u": 0.4068514589126689,
      "ok": true
    },
    "armado": "phi16/225 (inferior)",
    "As_prov_cm2_m": 8.936085770210967,
    "fisuracion": {
      "w_k_mm": 0.2774827763120498,
      "lim_mm": 0.3,
      "u": 0.9249425877068328,
      "ok": true,
      "sigma_s_MPa": 147.61863957353972,
      "phi_mm": 16,
      "s_mm": 225,
      "rho_ef": 0.0059573905134739785
    }
  },
  "talon": {
    "d_mm": 440.0,
    "p_cara_kPa": 134.15138747025392,
    "p_borde_kPa": 37.68896896457343,
    "flexion": {
      "M_Ed_kNm_m": 179.92253306706613,
      "As_cm2_m": 9.634341231896595,
      "As_min_cm2_m": 6.6352,
      "As_prov_cm2_m": 9.634341231896595,
      "rho": 0.0021896230072492263,
      "ok": true
    },
    "cortante": {
      "V_Ed_kN_m": 20.234855602588148,
      "VRdc_kN_m": 182.72261463641155,
      "u": 0.11074083874539689,
      "ok": true
    },
    "armado": "phi20/200 (superior)",
    "As_prov_cm2_m": 15.707963267948967,
    "fisuracion": {
      "w_k_mm": 0.2960360905787834,
      "lim_mm": 0.3,
      "u": 0.9867869685959446,
      "ok": true,
      "sigma_s_MPa": 199.4814386014529,
      "phi_mm": 20,
      "s_mm": 200,
      "rho_ef": 0.010471975511965978
    }
  },
  "validacion": {
    "Ea_forma_cerrada_kN": 114.12499999999999,
    "Eh_integrado_kN": 114.36447916666667,
    "error_pct": 0.2098393574297335
  },
  "veredicto": "CUMPLE"
}