{
  "autodiagnostico_placa": {
    "valido": true,
    "checks": {
      "flecha (mm)": [
        1.1831120156861759,
        1.1545624999999997,
        0.024727561900006426
      ],
      "M_max (kN·m/m)": [
        12.030681878889032,
        11.975,
        0.0046498437485621965
      ]
    }
  },
  "losa": {
    "t": 0.25,
    "d_x_mm": 212.0,
    "d_y_mm": 196.0,
    "fck_MPa": 30.0,
    "recubrimiento_mm": 30.0,
    "phi_mm": 16.0,
    "x_inferior": {
      "m_Ed_kNm_m": 35.11348416371843,
      "mu": 0.03906359487775724,
      "mu_ok": true,
      "As_req_cm2_m": 4.23275752497654,
      "As_min_cm2_m": 3.1969600000000002,
      "As_max_cm2_m": 100.0,
      "As_dim_cm2_m": 4.23275752497654,
      "armado": "φ10/150",
      "As_prov_cm2_m": 5.235987755982989,
      "ok": true
    },
    "y_inferior": {
      "m_Ed_kNm_m": 35.11348416371983,
      "mu": 0.04570164015477903,
      "mu_ok": true,
      "As_req_cm2_m": 4.57828875150542,
      "As_min_cm2_m": 2.95568,
      "As_max_cm2_m": 100.0,
      "As_dim_cm2_m": 4.57828875150542,
      "armado": "φ10/150",
      "As_prov_cm2_m": 5.235987755982989,
      "ok": true
    },
    "x_superior": {
      "m_Ed_kNm_m": 88.62851630029195,
      "mu": 0.09859882998875483,
      "mu_ok": true,
      "As_req_cm2_m": 10.683731000559302,
      "As_min_cm2_m": 3.1969600000000002,
      "As_max_cm2_m": 100.0,
      "As_dim_cm2_m": 10.683731000559302,
      "armado": "φ12/100",
      "As_prov_cm2_m": 11.309733552923255,
      "ok": true
    },
    "y_superior": {
      "m_Ed_kNm_m": 88.62851630029238,
      "mu": 0.11535364991187574,
      "mu_ok": true,
      "As_req_cm2_m": 11.555872306727464,
      "As_min_cm2_m": 2.95568,
      "As_max_cm2_m": 100.0,
      "As_dim_cm2_m": 11.555872306727464,
      "armado": "φ16/150",
      "As_prov_cm2_m": 13.404128655316448,
      "ok": true
    },
    "flecha": {
      "L_m": 5.0,
      "f_total_mm": 1.943203814544629,
      "lim_total_mm": 16.666666666666668,
      "u_total": 0.11659222887267776,
      "ok_total": true,
      "f_activa_mm": 0.5237157950485231,
      "lim_activa_mm": 10.0,
      "u_activa": 0.0523715795048523,
      "ok_activa": true
    }
  },
  "punzonamiento": {
    "interior": {
      "check": {
        "V_Ed_kN": 597.101121369375,
        "posicion": "interior",
        "beta": 1.15,
        "u0_m": 1.4,
        "u1_m": 3.963539605329271,
        "d_mm": 204.00000000000003,
        "k": 1.9901475429766742,
        "rho_l": 0.00604017490159985,
        "vEd_u1_MPa": 0.8492437463927293,
        "vRdc_MPa": 0.6272732640012307,
        "u_vRdc": 1.3538656836345937,
        "vEd_u0_MPa": 2.404293731004136,
        "vRdmax_MPa": 5.28,
        "u_vRdmax": 0.4553586611750257,
        "ok_vRdc": false,
        "ok_vRdmax": true,
        "requiere_armadura": true,
        "ok": false
      },
      "V_Ed_kN": 597.101121369375,
      "lado_mm": 350.0,
      "dimensionado": {
        "V_Ed_kN": 597.101121369375,
        "posicion": "interior",
        "beta": 1.15,
        "h_actual_mm": 250,
        "d_actual_mm": 204,
        "u_actual_vRdc": 1.3542130068627838,
        "canto_minimo": {
          "h_min_mm": 320,
          "incremento_mm": 70
        },
        "armadura": {
          "asw_sr_mm2_m": 3.3262960064145557,
          "asw_sr_cm2_m": 33.26296006414556,
          "u_out_m": 5.367476886752684,
          "fywd_ef_MPa": 301.0,
          "viable": true,
          "nota": "armadura viable solo si vEd(u0) <= vRd,max"
        },
        "capitel": {
          "lado_capitel_mm": 701,
          "ampliacion_mm": 351
        }
      }
    },
    "edge": {
      "check": {
        "V_Ed_kN": 176.46234497799458,
        "posicion": "edge",
        "beta": 1.4,
        "u0_m": 1.0499999999999998,
        "u1_m": 2.3317698026646356,
        "d_mm": 204.00000000000003,
        "k": 1.9901475429766742,
        "rho_l": 0.00604017490159985,
        "vEd_u1_MPa": 0.5193549087059732,
        "vRdc_MPa": 0.6272732640012307,
        "u_vRdc": 0.8279563923912979,
        "vEd_u0_MPa": 1.1533486599868927,
        "vRdmax_MPa": 5.28,
        "u_vRdmax": 0.21843724620963878,
        "ok_vRdc": true,
        "ok_vRdmax": true,
        "requiere_armadura": false,
        "ok": true
      },
      "V_Ed_kN": 176.46234497799458,
      "lado_mm": 350.0
    },
    "corner": {
      "check": {
        "V_Ed_kN": 61.19206217966706,
        "posicion": "corner",
        "beta": 1.5,
        "u0_m": 0.7,
        "u1_m": 1.3408849013323176,
        "d_mm": 204.00000000000003,
        "k": 1.9901475429766742,
        "rho_l": 0.00604017490159985,
        "vEd_u1_MPa": 0.33555574622919204,
        "vRdc_MPa": 0.6272732640012307,
        "u_vRdc": 0.5349434855373235,
        "vEd_u0_MPa": 0.6427737623914607,
        "vRdmax_MPa": 5.28,
        "u_vRdmax": 0.1217374549983827,
        "ok_vRdc": true,
        "ok_vRdmax": true,
        "requiere_armadura": false,
        "ok": true
      },
      "V_Ed_kN": 61.19206217966706,
      "lado_mm": 350.0
    }
  },
  "fisuracion": {
    "M_qp_kNm_m": 20.489423795737725,
    "sigma_s_MPa": 221.83626382288188,
    "rho_p_eff": 0.004188790204786391,
    "hc_ef_mm": 125.0,
    "eps_sm_cm": 0.0006655087914686456,
    "sr_max_mm": 751.352167814933,
    "wk_mm": 0.5000314731698631,
    "wmax_mm": 0.3,
    "u": 1.666771577232877,
    "ok": false
  },
  "equilibrio": {
    "aplicada_ELU_kN": 1547.71875,
    "reaccion_ELU_kN": 1547.7187499999673,
    "error_pct": 2.121129614485553e-12
  }
}