{
  "nombre_tablero": "CURVO",
  "tipologia": "curvo",
  "curvo": {
    "R": 200.0,
    "L": 45.0,
    "bs": 7.0,
    "bi": 4.0,
    "h": 2.4,
    "t_top": 0.25,
    "t_bot": 0.22,
    "t_web": 0.45,
    "nx": 18,
    "nyt": 6,
    "nyb": 3,
    "nz": 3,
    "g2_N_m2": 3000.0,
    "material": {
      "E": 34000000000.0,
      "nu": 0.2,
      "rho": 2500.0,
      "fck": 45000000.0,
      "fctm": 3800000.0,
      "G": 14166666666.666668
    }
  },
  "lm1": {
    "Q_tandem_N": 600000.0,
    "udl_N_m": 27000.0
  },
  "seccion_props": {
    "A": 5.177174905655283,
    "Iy": 4.811980697804469,
    "c_sup": 0.9983456191793737,
    "c_inf": 1.4016543808206263,
    "Am_bredt": 10.93325,
    "J_bredt": 8.847566026495745
  },
  "n_nodos": 285,
  "n_elementos": 272,
  "f1_Hz": 2.7049737109692784,
  "modal": {
    "frecuencias_Hz": [
      2.7049737109692784,
      4.868041346987291,
      8.952623263265089,
      9.462188793760069,
      12.035899385538066,
      13.868217027075818,
      16.655392715689636,
      18.772147383729624
    ]
  },
  "esfuerzos": {
    "M_Ed_Nm": 60176126.856276706,
    "T_Ed_Nm": 8489821.707380718,
    "V_Ed_N": 7877342.237538306
  },
  "torsion_apoyo": {
    "por_apoyo": {
      "inicio": {
        "R_ext_N": 5619823.93211187,
        "R_int_N": 2257518.305426437,
        "T_Nm": 8489821.707380718
      },
      "fin": {
        "R_ext_N": 5592420.258560494,
        "R_int_N": 2235382.9952407633,
        "T_Nm": 8476519.089882318
      }
    },
    "T_apoyo_Nm": 8489821.707380718,
    "d_almas_m": 5.05
  },
  "acoplamiento_T_M": 0.14108288703355096,
  "tau_Pa": {
    "V": 4052130.7806267003,
    "T": 862793.3350488666,
    "total": 4914924.115675567,
    "Rd": 7380000.0
  },
  "checks": [
    {
      "nombre": "Flexion compresion sup. (EC2)",
      "valor": 12484790.858275233,
      "limite": 27000000.0,
      "aprov": 0.4623996614176012,
      "cumple": true
    },
    {
      "nombre": "Flexion armado fondo As/As_max (EC2)",
      "valor": 654.3975970186118,
      "limite": 2070.8699622621134,
      "aprov": 0.31600129846095265,
      "cumple": true
    },
    {
      "nombre": "Cortante+Torsion Bredt (EC2 6.3)",
      "valor": 4914924.115675567,
      "limite": 7380000.0,
      "aprov": 0.6659788774628139,
      "cumple": true
    }
  ],
  "tensiones": {
    "sup_Pa": -12484790.858275233,
    "inf_Pa": 17528360.383366056
  },
  "aprovechamiento_max": 0.6659788774628139,
  "veredicto_global": "CUMPLE",
  "mapping_writeback": {
    "elementos": {
      "CURVO": {
        "Pset_Estructurando_ResultadoPuente": {
          "Tipologia": "tablero_curvo",
          "R_m": 200.0,
          "A_m2": 5.177,
          "Iy_m4": 4.812,
          "J_Bredt_m4": 8.8476,
          "M_Ed_kNm": 60176.1,
          "T_apoyo_kNm": 8489.8,
          "Acoplamiento_T_M": 0.141,
          "Tau_total_MPa": 4.91,
          "Tau_Rd_MPa": 7.38,
          "Frecuencia_fundamental_Hz": 2.7,
          "Aprovechamiento_max": 0.666,
          "Veredicto_global": "CUMPLE"
        }
      }
    }
  }
}