{
  "barras": {
    "C1": {
      "M": [
        48.761220082940476,
        48.76119570234264,
        4.999999997483204e-07
      ],
      "V": [
        12.19030502073512,
        12.19029892558566,
        4.999999998975365e-07
      ],
      "N": [
        93.60000000000002,
        93.59999999999997,
        6.218767191609768e-16
      ],
      "ok": true
    },
    "C2": {
      "M": [
        48.761220082940476,
        48.76119570234268,
        4.999999988530231e-07
      ],
      "V": [
        12.190305020735119,
        12.190298925585676,
        4.999999984053745e-07
      ],
      "N": [
        93.60000000000002,
        93.60000000000002,
        0.0
      ],
      "ok": true
    },
    "B1": {
      "M": [
        91.63877991705964,
        91.58032866250532,
        0.0006382511987887437
      ],
      "V": [
        93.60000000000002,
        93.60000000000012,
        9.328150787414637e-16
      ],
      "N": [
        12.190305020735119,
        12.190298925585665,
        4.999999993006718e-07
      ],
      "ok": true
    }
  },
  "ok": true,
  "tol": 0.01
}