{
  "info": {
    "Hm": 5.5,
    "t_alz": 0.45,
    "n": 22,
    "B": 4.0,
    "e_z": 0.7,
    "puntera": 1.0,
    "talon": 2.55,
    "material": "C30/37",
    "gamma_hormigon_kN_m3": 24.525,
    "H": 6.2,
    "Ka": 0.3333333333333333,
    "Kp": 2.9999999999999982,
    "metodo": "rankine"
  },
  "factores": {
    "EQU": {
      "G_dst": 1.1,
      "G_stb": 0.9,
      "Q_dst": 1.5
    },
    "GEO_DA2*": {
      "G_sup": 1.35,
      "Q_sup": 1.5,
      "gR_h": 1.1,
      "gR_v": 1.4,
      "gR_e": 1.4
    },
    "nota": "NDP [confirmar AN Espana]"
  },
  "vuelco": {
    "M_estab_d_kNm": 850.8969984375,
    "M_vuelco_d_kNm": 373.8638734887502,
    "u": 0.4393761808718041,
    "FS_caracteristico": 2.9864276416730937,
    "ok": true
  },
  "deslizamiento": {
    "H_d_kN": 195.74182749999997,
    "R_d_kN": 222.25663167349612,
    "R_friccion_kN": 215.7423459592104,
    "R_pasivo_kN": 6.514285714285712,
    "N_favorable_kN": 411.044375,
    "u": 0.8807018536461605,
    "FS_caracteristico": 1.8301563650099841,
    "ok": true
  },
  "hundimiento": {
    "N_d_kN": 593.1599062500001,
    "e_m": 0.4092236997822629,
    "e_lim_B6_m": 0.6666666666666666,
    "Bp_m": 3.181552600435474,
    "q_Ed_kPa": 186.43724644653415,
    "Rd_kPa": 350.0,
    "u": 0.5326778469900976,
    "ok_despegue": true,
    "ok": true
  },
  "alzado": {
    "d_mm": 390.0,
    "flexion": {
      "M_Ed_kNm_m": 312.7093749976656,
      "As_cm2_m": 19.501814816273175,
      "As_min_cm2_m": 5.881200000000001,
      "As_prov_cm2_m": 19.501814816273175,
      "rho": 0.005000465337505942,
      "ok": true
    },
    "cortante": {
      "V_Ed_kN_m": 156.8187499995595,
      "VRdc_kN_m": 198.0779353417634,
      "u": 0.7917022647120419,
      "ok": true
    }
  },
  "puntera": {
    "d_mm": 639.9999999999999,
    "p_borde_kPa": 239.31563583679696,
    "p_cara_kPa": 171.04639138107427,
    "flexion": {
      "M_Ed_kNm_m": 85.31334059982424,
      "As_cm2_m": 3.08208137344569,
      "As_min_cm2_m": 9.6512,
      "As_prov_cm2_m": 9.6512,
      "rho": 0.001508,
      "ok": true
    },
    "cortante": {
      "V_Ed_kN_m": 121.14364246456277,
      "VRdc_kN_m": 238.82782287732178,
      "u": 0.5072425859142483,
      "ok": true
    }
  },
  "talon": {
    "d_mm": 639.9999999999999,
    "p_cara_kPa": 160.80600471271583,
    "p_borde_kPa": 57.26431728820305,
    "flexion": {
      "M_Ed_kNm_m": 284.3963048266641,
      "As_cm2_m": 10.404341248201849,
      "As_min_cm2_m": 9.6512,
      "As_prov_cm2_m": 10.404341248201849,
      "rho": 0.001625678320031539,
      "ok": true
    },
    "cortante": {
      "V_Ed_kN_m": 25.71359772097443,
      "VRdc_kN_m": 238.82782287732178,
      "u": 0.10766583813889509,
      "ok": true
    }
  },
  "validacion": {
    "Ea_forma_cerrada_kN": 142.39333333333335,
    "Eh_integrado_kN": 142.69764999999998,
    "error_pct": 0.21371552975324448
  },
  "veredicto": "CUMPLE"
}