{
  "info": {
    "D": 0.6,
    "L": 12.0,
    "material": "C30/37",
    "kh": 15000000.0,
    "I_m4": 0.0063617251235193305,
    "A_m2": 0.2827433388230814,
    "n_elem": 24
  },
  "equilibrio": {
    "H_aplicado_ELU_kN": 120.0,
    "reaccion_muelles_ELU_kN": -120.00000000003328,
    "error_pct": 2.773352510606249e-11
  },
  "axil_ec7": {
    "N_Ed_kN": 1665.0,
    "Rc_d_kN": 1876.38761218954,
    "Rs_k_kN": 1357.1680263507906,
    "Rb_k_kN": 706.8583470577036,
    "u": 0.8873433128548138,
    "ok": true
  },
  "lateral": {
    "flecha_cabeza_mm": 5.682346406764526,
    "lim_mm": 10.0,
    "u": 0.5682346406764526,
    "ok": true,
    "M_Ed_kNm": 117.66225534830615,
    "V_Ed_kN": 100.82208087715506
  },
  "seccion_ec2": {
    "Ac_m2": 0.2827433388230814,
    "e_mm": 70.6680212302139,
    "e_sobre_D": 0.11778003538368984,
    "As_min_cm2": 14.13716694115407,
    "N_Rd_kN": 6269.526208685718,
    "u_N": 0.2655703070023587,
    "M_Rd_kNm": 547.1182637337816,
    "u_M": 0.21505817507411631,
    "ok_N": true,
    "ok_M": true
  },
  "veredicto": "CUMPLE"
}