{"plano_Rlab": 589.1769594227773, "plano_Rvest": 1092.4030405772244, "tot_Rlab": 1178.3539188455545, "tot_Rvest": 2184.8060811544487, "cordon_N": -330.3327445506556, "diag_N": -347.59050077860815, "diag_L": 3.9255304100210457, "montante_N": -391.7680716560933, "montante_L": 3.083, "rbm": 3}