{
  "materiales": {
    "S275": {
      "E": 210000000000.0,
      "G": 80770000000.0,
      "nu": 0.3,
      "rho": 7850.0,
      "fck": null,
      "fctm": null,
      "fy": 275000000.0
    },
    "C25/30": {
      "E": 31000000000.0,
      "G": null,
      "nu": null,
      "rho": 2500.0,
      "fck": 25000000.0,
      "fctm": 2600000.0,
      "fy": null
    }
  },
  "viga": {
    "L": 8.0,
    "sep": 3.0,
    "n_elem": 16,
    "perfil": "IPE360",
    "acero": "S275",
    "hormigon": "C25/30",
    "apeado": 0,
    "A": 0.007273,
    "h": 0.36,
    "b": 0.17,
    "tw": 0.008,
    "tf": 0.0127,
    "Iy": 0.0001627,
    "Wply": 0.001019,
    "Avz": 0.003514
  },
  "losa": {
    "ht": 0.12,
    "hp": 0.058,
    "hc": 0.06199999999999999,
    "b0": 0.1,
    "nervios": "perpendicular",
    "nr": 1
  },
  "conectores": {
    "d": 0.019,
    "hsc": 0.1,
    "fu": 450000000.0,
    "sep_long": 0.207
  },
  "cargas": {
    "G_losa": 2500.0,
    "G2": 1500.0,
    "Q": 3000.0,
    "Qc": 750.0
  }
}