{
  "info": {
    "B": 2.5,
    "L": 2.5,
    "espesor": 0.6,
    "material": "C30/37",
    "c_pilar": 0.4,
    "ks": 40000000.0,
    "Rd": 250000.0,
    "xp": 1.25,
    "yp": 1.25,
    "x0": 0.0,
    "y0": 0.0,
    "area": 6.25,
    "rho": 2500.0,
    "W_pp_kN": 91.96875,
    "incluye_pp": true,
    "N_cabeza_kN": {
      "ELU": 1320.0,
      "ELU_G": 945.0000000000001,
      "ELS_car": 950.0,
      "ELS_cp": 775.0
    },
    "ks_reconstruido_N_m3": 40000000.0,
    "ks_dato_N_m3": 40000000.0
  },
  "equilibrio": {
    "aplicada_ELU_kN": 1444.1578125,
    "reaccion_suelo_ELU_kN": 1444.157812500574,
    "N_cabeza_ELU_kN": 1320.0,
    "pp_ELU_kN": 124.15781250000002,
    "error_pct": 3.974133101238121e-11
  },
  "via": "ortodoxo",
  "autodiagnostico_placa": {
    "valido": true,
    "checks": {
      "flecha (mm)": [
        1.1831120156861759,
        1.1545624999999997,
        0.024727561900006426
      ],
      "M_max (kN·m/m)": [
        12.030681878889032,
        11.975,
        0.0046498437485621965
      ]
    }
  },
  "geotecnia": {
    "N_resultante_kN": 1444.157812500574,
    "e_x_m": 8.903988657493755e-14,
    "e_y_m": 0.07478407073341065,
    "e_m": 0.07478407073341065,
    "e_lim_B6_m": 0.4166666666666667,
    "ok_sin_despegue": true,
    "p_med_kPa": 231.06525000009182,
    "sigma_max_lineal_kPa": 272.53725000023735,
    "sigma_min_lineal_kPa": 189.59324999994627,
    "p_max_FE_kPa": 271.0251118779704,
    "p_min_FE_kPa": 185.82450039216306,
    "Bef_m": 2.499999999999822,
    "Lef_m": 2.3504318585331787,
    "sigma_ef_kPa": 245.76893088947912,
    "Rd_kPa": 250.0,
    "u_Rd": 0.9830757235579165,
    "ok_Rd": true,
    "p_max_kPa": 245.76893088947912
  },
  "flexion": {
    "x": {
      "m_Ed_kNm_m": 116.23148027995946,
      "mu": 0.021004980605466232,
      "mu_ok": true,
      "As_req_cm2_m": 5.647072341442898,
      "As_min_cm2_m": 7.932079999999999,
      "As_max_cm2_m": 240.0,
      "As_dim_cm2_m": 7.932079999999999,
      "armado": "φ12/125",
      "As_prov_cm2_m": 9.047786842338605,
      "ok": true
    },
    "y": {
      "m_Ed_kNm_m": 132.70292814565224,
      "mu": 0.022586655979911132,
      "mu_ok": true,
      "As_req_cm2_m": 6.257005632123824,
      "As_min_cm2_m": 8.173359999999999,
      "As_max_cm2_m": 240.0,
      "As_dim_cm2_m": 8.173359999999999,
      "armado": "φ12/125",
      "As_prov_cm2_m": 9.047786842338605,
      "ok": true
    },
    "d_out_mm": 541.9999999999999,
    "d_in_mm": 525.9999999999999,
    "gobierna": "y"
  },
  "punzonamiento": {
    "V_Ed_kN": 168.50043325458748,
    "posicion": "interior",
    "beta": 1.15,
    "u0_m": 1.6,
    "u1_m": 8.310441908067798,
    "d_mm": 533.9999999999999,
    "k": 1.6119900613621048,
    "rho_l": 0.0016943421053068552,
    "vEd_u1_MPa": 0.04366500228126632,
    "vRdc_MPa": 0.3923486941566036,
    "u_vRdc": 0.11129131543340295,
    "vEd_u0_MPa": 0.22679716554631973,
    "vRdmax_MPa": 5.28,
    "u_vRdmax": 0.04295400862619692,
    "ok_vRdc": true,
    "ok_vRdmax": true,
    "requiere_armadura": false,
    "ok": true,
    "V_Ed_neto_kN": 168.50043325458748,
    "N_pilar_ELU_kN": 1320.0
  },
  "cortante": {
    "V_Ed_kN_m": 118.03998784312773,
    "vRdc_MPa": 0.3906947832769207,
    "VRdc_kN_m": 211.75657253609097,
    "u": 0.5574324632734101,
    "ok": true,
    "d_mm": 541.9999999999999
  },
  "fisuracion": {
    "M_qp_kNm_m": 80.44304008171761,
    "sigma_s_MPa": 182.26543589051784,
    "rho_p_eff": 0.0062398529947162735,
    "hc_ef_mm": 145.00000000000014,
    "eps_sm_cm": 0.0005467963076715535,
    "sr_max_mm": 496.930778934602,
    "wk_mm": 0.2717199150897894,
    "wmax_mm": 0.3,
    "u": 0.9057330502992981,
    "ok": true,
    "direccion": "y",
    "phi_disp_mm": 12
  },
  "asiento": {
    "s_max_mm": 4.90855913668818,
    "combinacion": "ELS_car"
  },
  "veredicto": "CUMPLE"
}