{
  "nombre": "PORTICO",
  "portico": {
    "L": 12.0,
    "H": 7.0,
    "ne": 10,
    "np": 6,
    "n_carriles": 2,
    "g2_N_m": 60000.0,
    "beta_pila": 2.0,
    "material": {
      "E": 33000000000.0,
      "nu": 0.2,
      "G": 13750000000.0,
      "rho": 2500.0,
      "fck": 30000000.0
    },
    "dintel_sec": {
      "A": 9.0,
      "Iy": 0.6075,
      "Iz": 75.0,
      "J": 2.2922197533176174,
      "h": 0.9,
      "b": 10.0,
      "d": 0.82
    },
    "pila_sec": {
      "A": 8.0,
      "Iy": 0.42666666666666675,
      "Iz": 66.66666666666667,
      "J": 1.6206509602679469,
      "h": 0.8,
      "b": 10.0,
      "d": 0.72
    },
    "suelo": {
      "kx": 600000000.0,
      "kz": 1250000000.0,
      "kry": 650000000.0
    },
    "empuje": {
      "phi": 28.0,
      "gamma": 20000.0,
      "b": 10.0
    },
    "cimentacion": {
      "B": 2.5,
      "Lf": 10.0,
      "q_adm": 300000.0,
      "mu": 0.5
    },
    "As_dintel_m2": 0.014,
    "As_pila_m2": 0.009
  },
  "_tipologia": "portico"
}