{
  "caso": "11-pantalla-sismo-ec8",
  "parametros_EC8": {
    "ag_g": 0.2,
    "suelo": "C",
    "tipo_espectro": 1,
    "S": 1.15,
    "TB_s": 0.2,
    "TC_s": 0.6,
    "TD_s": 2.0,
    "q": 3.0,
    "lambda": 0.85,
    "beta_limite": 0.2,
    "amortiguamiento": 0.05,
    "ductilidad": "DCM",
    "Sd_meseta_g": 0.19166666666666665,
    "Sd_meseta_ms2": 1.88025
  },
  "modelo_resumen": {
    "Lw_m": 4.0,
    "tw_m": 0.3,
    "H_m": 15.0,
    "I_m4": 1.5999999999999999,
    "A_m2": 1.2,
    "A_v_m2": 1.0,
    "E_Pa": 32840000000.0,
    "G_Pa": 13683333333.333334,
    "M_total_t": 581.039755351682,
    "W_total_kN": 5700.0,
    "masas_planta_t": [
      122.32415902140673,
      122.32415902140673,
      122.32415902140673,
      122.32415902140673,
      91.74311926605505
    ],
    "z_plantas_m": [
      3.0,
      6.0,
      9.0,
      12.0,
      15.0
    ]
  },
  "modal": {
    "modos": [
      {
        "modo": 1,
        "T_s": 0.4080626810026737,
        "omega_rad_s": 15.397598456543047,
        "f_hz": 2.4506039061029643,
        "phi": [
          0.00016699080172429906,
          0.0005501785763946076,
          0.001073502974745007,
          0.001668559698452794,
          0.0022826643795146122
        ],
        "Gamma": 632.5664019513965,
        "Meff_kg": 400140.25287773577,
        "Meff_frac": 0.6886624352158927
      },
      {
        "modo": 2,
        "T_s": 0.07859572290498597,
        "omega_rad_s": 79.94309454695521,
        "f_hz": 12.723338663210665,
        "phi": [
          -0.0009002740797155415,
          -0.001701187922494996,
          -0.0014926624733350598,
          -0.0001534372471041768,
          0.001720031777089346
        ],
        "Gamma": -361.77833514773874,
        "Meff_kg": 130883.56378226957,
        "Meff_frac": 0.22525750187790605
      },
      {
        "modo": 3,
        "T_s": 0.035038762487154373,
        "omega_rad_s": 179.32098228306654,
        "f_hz": 28.539820730444227,
        "phi": [
          -0.0017141034093720764,
          -0.001151365643655092,
          0.0010885852694588474,
          0.00119754257379583,
          -0.00131254488261209
        ],
        "Gamma": -191.28438797939555,
        "Meff_kg": 36589.71708465192,
        "Meff_frac": 0.06297282887726936
      },
      {
        "modo": 4,
        "T_s": 0.02327915640193804,
        "omega_rad_s": 269.90605667551154,
        "f_hz": 42.95688309034892,
        "phi": [
          0.0017825834005915765,
          -0.0010134851605646039,
          -0.0008582696577694111,
          0.001623655046598767,
          -0.0008924585767847114
        ],
        "Gamma": 105.82748578199329,
        "Meff_kg": 11199.456746937993,
        "Meff_frac": 0.01927485450657223
      },
      {
        "modo": 5,
        "T_s": 0.018945422422472526,
        "omega_rad_s": 331.6466198044045,
        "f_hz": 52.78319890158945,
        "phi": [
          -0.0011049283123561484,
          0.0016203296486701703,
          -0.0016949647222229951,
          0.0011388597883414038,
          -0.0004600843793808501
        ],
        "Gamma": -47.188609431584915,
        "Meff_kg": 2226.7648600866646,
        "Meff_frac": 0.0038323795223596806
      }
    ],
    "M_total_kg": 581039.755351682,
    "suma_Meff_frac": 1.0
  },
  "respuesta_modal_SRSS": {
    "por_modo": [
      {
        "modo": 1,
        "T_s": 0.4080626810026737,
        "Sd_T_ms2": 1.88025,
        "Sd_T_g": 0.19166666666666665,
        "F_i_kN": [
          24.29553723931535,
          80.04563097515604,
          156.1842402702711,
          242.75920512501995,
          249.07909686360026
        ],
        "Fb_kN": 752.3637104733626,
        "Meff_frac": 0.6886624352158927
      },
      {
        "modo": 2,
        "T_s": 0.07859572290498597,
        "Sd_T_ms2": 1.6519796079920999,
        "Sd_T_g": 0.16839751355678897,
        "F_i_kN": [
          65.81641503487808,
          124.36889263170883,
          109.1242045789536,
          11.217350098992647,
          -94.30988395489038
        ],
        "Fb_kN": 216.21697838964278,
        "Meff_frac": 0.22525750187790605
      },
      {
        "modo": 3,
        "T_s": 0.035038762487154373,
        "Sd_T_ms2": 1.5700816331664718,
        "Sd_T_g": 0.16004909614337123,
        "F_i_kN": [
          62.97251179042252,
          42.29872373727911,
          -39.9923063807391,
          -43.99516588997185,
          36.16507950037877
        ],
        "Fb_kN": 57.44884275736946,
        "Meff_frac": 0.06297282887726936
      },
      {
        "modo": 4,
        "T_s": 0.02327915640193804,
        "Sd_T_ms2": 1.5479706338247439,
        "Sd_T_g": 0.15779517164370477,
        "F_i_kN": [
          35.72097403501011,
          -20.309107048445462,
          -17.198762285144003,
          32.536227893808515,
          -13.412902436178753
        ],
        "Fb_kN": 17.336430159050405,
        "Meff_frac": 0.01927485450657223
      },
      {
        "modo": 5,
        "T_s": 0.018945422422472526,
        "Sd_T_ms2": 1.5398221305098538,
        "Sd_T_g": 0.15696453929764054,
        "F_i_kN": [
          9.820963055060922,
          -14.402018156885035,
          15.065399022211059,
          -10.122557075531155,
          3.067034966147335
        ],
        "Fb_kN": 3.428821811003126,
        "Meff_frac": 0.0038323795223596806
      }
    ],
    "Fb_SRSS_kN": 785.1201263150915,
    "V_SRSS_kN": [
      785.1201263150915,
      743.7156420141982,
      650.3581370892146,
      499.2855662917822,
      269.1318939414026
    ],
    "Mbase_SRSS_kNm": 8632.873397968047,
    "z_niveles_m": [
      0.0,
      3.0,
      6.0,
      9.0,
      12.0,
      15.0
    ],
    "M_SRSS_niveles_kNm": [
      8632.873397968047,
      6351.55407913906,
      4191.97964902108,
      2287.2547709124487,
      807.3956818242079,
      0.0
    ]
  },
  "fuerzas_laterales": {
    "T1_s": 0.4080626810026737,
    "Sd_T1_ms2": 1.88025,
    "Sd_T1_g": 0.19166666666666665,
    "Fb_kN": 928.625,
    "F_i_kN": [
      67.53636363636365,
      135.0727272727273,
      202.60909090909092,
      270.1454545454546,
      253.26136363636368
    ],
    "V_kN": [
      928.6250000000001,
      861.0886363636365,
      726.0159090909092,
      523.4068181818183,
      253.26136363636368
    ],
    "z_niveles_m": [
      0.0,
      3.0,
      6.0,
      9.0,
      12.0,
      15.0
    ],
    "M_niveles_kNm": [
      9877.193181818184,
      7091.318181818183,
      4508.052272727274,
      2330.0045454545457,
      759.7840909090911,
      0.0
    ],
    "Mbase_kNm": 9877.193181818184,
    "z_eficaz_m": 10.636363636363638,
    "suma_Fi_kN": 928.6250000000001,
    "equilibrio_error_pct": 1.2536311409550121e-14
  },
  "esfuerzos_base": {
    "V_base_kN": 928.625,
    "M_base_kNm": 9877.193181818184,
    "N_base_kN": 5700.0,
    "z_eficaz_m": 10.636363636363638,
    "eps_amplif_cortante_EC8": 1.5
  },
  "deriva": {
    "nu": 0.5,
    "limite_rel_h": 0.0075,
    "limite_descripcion": "0.5%h fragil / 0.75%h ductil / 1.0%h sin afeccion",
    "por_planta": [
      {
        "planta": 1,
        "dr_mm": 2.909922169125782,
        "dr_nu_mm": 1.454961084562891,
        "limite_mm": 22.5,
        "deriva_rel": 0.0009699740563752607,
        "aprov": 0.06466493709168405,
        "ok": true
      },
      {
        "planta": 2,
        "dr_mm": 6.526762818693922,
        "dr_nu_mm": 3.263381409346961,
        "limite_mm": 22.5,
        "deriva_rel": 0.0021755876062313074,
        "aprov": 0.14503917374875383,
        "ok": true
      },
      {
        "planta": 3,
        "dr_mm": 8.789110179520508,
        "dr_nu_mm": 4.394555089760254,
        "limite_mm": 22.5,
        "deriva_rel": 0.0029297033931735025,
        "aprov": 0.19531355954490018,
        "ok": true
      },
      {
        "planta": 4,
        "dr_mm": 9.905187662634221,
        "dr_nu_mm": 4.9525938313171105,
        "limite_mm": 22.5,
        "deriva_rel": 0.003301729220878074,