{
  "info": {
    "D": 0.6,
    "L": 12.0,
    "material": "C30/37",
    "kh": 15000000.0,
    "I_m4": 0.0063617251235193305,
    "A_m2": 0.2827433388230814,
    "n_elem": 24
  },
  "equilibrio": {
    "H_aplicado_ELU_kN": 90.0,
    "reaccion_muelles_ELU_kN": -90.00000000002498,
    "error_pct": 2.7761820496784313e-11
  },
  "axil_ec7": {
    "N_Ed_kN": 1215.0,
    "Rc_d_kN": 1876.38761218954,
    "Rs_k_kN": 1357.1680263507906,
    "Rb_k_kN": 706.8583470577036,
    "u": 0.6475207958670263,
    "ok": true
  },
  "lateral": {
    "flecha_cabeza_mm": 4.261759805073393,
    "lim_mm": 10.0,
    "u": 0.42617598050733935,
    "ok": true,
    "M_Ed_kNm": 88.24669151123054,
    "V_Ed_kN": 75.61656065788866
  },
  "seccion_ec2": {
    "Ac_m2": 0.2827433388230814,
    "e_mm": 72.63102181994284,
    "e_sobre_D": 0.12105170303323808,
    "As_min_cm2": 14.13716694115407,
    "N_Rd_kN": 6269.526208685718,
    "u_N": 0.19379454835307253,
    "M_Rd_kNm": 439.11826373378165,
    "u_M": 0.2009633823036126,
    "ok_N": true,
    "ok_M": true
  },
  "veredicto": "CUMPLE"
}