{
  "nombre_tablero": "ESTRIBO",
  "tipologia": "estribo",
  "estribo": {
    "geom": {
      "Hm": 6.0,
      "t_alz": 1.1,
      "e_z": 2.2,
      "puntera": 4.5,
      "talon": 4.8,
      "Df": 2.2
    },
    "terreno": {
      "gamma": 19000.0,
      "phi": 32.0,
      "c": 0.0,
      "metodo": "rankine",
      "metodo_empuje": "activo",
      "phi_base": 32.0,
      "adh_base": 0.0,
      "Rd": 650000.0,
      "nf": -1.0,
      "phi_pas": 32.0,
      "gamma_pas": 19000.0,
      "f_pas": 0.5
    },
    "material": {
      "fck": 30000000.0
    },
    "reacciones": {
      "N_G_N": 700000.0,
      "N_LM1_N": 300000.0,
      "H_frenado_N": 95000.0
    },
    "sobrecarga": 12000.0
  },
  "Ka": 0.3072585245224685,
  "metodo_empuje": "activo",
  "H_total_m": 8.2,
  "reacciones": {
    "N_G_N": 700000.0,
    "N_Q_N": 300000.0,
    "H_Q_N": 95000.0
  },
  "vuelco": {
    "M_estab_d_kNm": 10864.016685,
    "M_vuelco_d_kNm": 1946.7756353962025,
    "u": 0.1791948311423458,
    "FS_caracteristico": 8.374315043403282,
    "ok": true
  },
  "deslizamiento": {
    "H_d_kN": 453.4790818930344,
    "R_d_kN": 1279.4937599137236,
    "R_friccion_kN": 1226.0487705616779,
    "R_pasivo_kN": 53.444989352045596,
    "N_favorable_kN": 2158.297,
    "u": 0.35442070614210147,
    "FS_caracteristico": 5.114760402307589,
    "ok": true
  },
  "hundimiento": {
    "N_d_kN": 3450.1009500000005,
    "e_m": 0.2209202469752416,
    "e_lim_B6_m": 1.7333333333333332,
    "Bp_m": 9.958159506049515,
    "q_Ed_kPa": 346.4596994960853,
    "Rd_kPa": 650.0,
    "u": 0.5330149223016697,
    "ok_despegue": true,
    "ok": true
  },
  "alzado": {
    "d_mm": 1040.0,
    "flexion": {
      "M_Ed_kNm_m": 1239.2594311335856,
      "As_cm2_m": 28.24021677051899,
      "As_min_cm2_m": 15.664099775841738,
      "As_prov_cm2_m": 28.24021677051899,
      "rho": 0.002715405458703749,
      "ok": true
    },
    "cortante": {
      "V_Ed_kN_m": 317.54518142045697,
      "VRdc_kN_m": 361.23114707957774,
      "u": 0.8790636798285367,
      "ok": true
    },
    "armado": "phi20/100 (trasdos)",
    "As_prov_cm2_m": 31.41592653589793,
    "fisuracion": {
      "w_k_mm": 0.07150575351185534,
      "lim_mm": 0.3,
      "u": 0.2383525117061845,
      "ok": true,
      "sigma_s_MPa": 71.71990010682161,
      "phi_mm": 20,
      "s_mm": 100,
      "rho_ef": 0.020943951023931935
    }
  },
  "puntera": {
    "d_mm": 2140.0000000000005,
    "p_borde_kPa": 374.0221228160235,
    "p_cara_kPa": 334.58635603828276,
    "flexion": {
      "M_Ed_kNm_m": 2783.285161512488,
      "As_cm2_m": 30.382680459942712,
      "As_min_cm2_m": 32.23189761567435,
      "As_prov_cm2_m": 32.23189761567435,
      "rho": 0.0015061634399847824,
      "ok": true
    },
    "cortante": {
      "V_Ed_kN_m": 611.6443576594347,
      "VRdc_kN_m": 612.0853736064635,
      "u": 0.9992794862186786,
      "ok": true
    },
    "armado": "phi25/100 (inferior)",
    "As_prov_cm2_m": 49.087385212340514,
    "fisuracion": {
      "w_k_mm": 0.24080493282205942,
      "lim_mm": 0.3,
      "u": 0.8026831094068647,
      "ok": true,
      "sigma_s_MPa": 203.03154549574492,
      "phi_mm": 25,
      "s_mm": 100,
      "rho_ef": 0.03272492347489389
    }
  },
  "talon": {
    "d_mm": 2140.0000000000005,
    "p_cara_kPa": 330.1142587748276,
    "p_borde_kPa": 289.4588291070536,
    "flexion": {
      "M_Ed_kNm_m": 671.2864012375088,
      "As_cm2_m": 7.24139478290715,
      "As_min_cm2_m": 32.23189761567435,
      "As_prov_cm2_m": 32.23189761567435,
      "rho": 0.0015061634399847824,
      "ok": true
    },
    "cortante": {
      "V_Ed_kN_m": 171.13117038608914,
      "VRdc_kN_m": 612.0853736064635,
      "u": 0.2795870931823914,
      "ok": true
    },
    "armado": "phi25/150 (superior)",
    "As_prov_cm2_m": 32.72492347489368,
    "fisuracion": {
      "w_k_mm": 0.08038735436968986,
      "lim_mm": 0.3,
      "u": 0.2679578478989662,
      "ok": true,
      "sigma_s_MPa": 73.4522197356151,
      "phi_mm": 25,
      "s_mm": 150,
      "rho_ef": 0.02181661564992926
    }
  },
  "aprovechamientos": {
    "vuelco": 0.1791948311423458,
    "deslizamiento": 0.35442070614210147,
    "hundimiento": 0.5330149223016697,
    "alzado_cortante": 0.8790636798285367,
    "puntera_cortante": 0.9992794862186786,
    "talon_cortante": 0.2795870931823914
  },
  "aprovechamiento_max": 0.9992794862186786,
  "veredicto_global": "CUMPLE",
  "mapping_writeback": {
    "elementos": {
      "ESTRIBO": {
        "Pset_Estructurando_ResultadoPuente": {
          "Tipologia": "estribo",
          "Empuje": "activo",
          "Ka": 0.307,
          "Aprov_vuelco": 0.179,
          "Aprov_deslizamiento": 0.354,
          "Aprov_hundimiento": 0.533,
          "As_alzado_cm2_m": 31.4,
          "Aprovechamiento_max": 0.999,
          "Veredicto_global": "CUMPLE"
        }
      }
    }
  }
}