{
  "nombre_tablero": "ESTRIBO_PUE06",
  "tipologia": "estribo",
  "estribo": {
    "geom": {
      "Hm": 4.5,
      "e_z": 1.8,
      "t_alz": 0.85,
      "puntera": 3.4,
      "talon": 3.6,
      "Df": 1.8
    },
    "terreno": {
      "gamma": 19000,
      "phi": 32,
      "c": 0,
      "metodo": "rankine",
      "metodo_empuje": "activo",
      "phi_base": 32,
      "adh_base": 0,
      "Rd": 650000.0,
      "nf": -1.0,
      "phi_pas": 32,
      "gamma_pas": 19000,
      "f_pas": 0.5
    },
    "material": {
      "fck": 30000000.0
    },
    "sobrecarga": 10000,
    "reacciones": {
      "N_G_N": 600000.0,
      "N_LM1_N": 250000.0,
      "H_frenado_N": 80000.0
    }
  },
  "Ka": 0.3072585245224685,
  "metodo_empuje": "activo",
  "H_total_m": 6.3,
  "reacciones": {
    "N_G_N": 600000.0,
    "N_Q_N": 250000.0,
    "H_Q_N": 80000.0
  },
  "vuelco": {
    "M_estab_d_kNm": 5466.4602384375,
    "M_vuelco_d_kNm": 1116.0888658067865,
    "u": 0.20417030713202491,
    "FS_caracteristico": 7.506166787384274,
    "ok": true
  },
  "deslizamiento": {
    "H_d_kN": 305.8289756685323,
    "R_d_kN": 867.6637332453307,
    "R_friccion_kN": 831.8865089683416,
    "R_pasivo_kN": 35.7772242769892,
    "N_favorable_kN": 1464.426375,
    "u": 0.3524740794738963,
    "FS_caracteristico": 5.308001875292818,
    "ok": true
  },
  "hundimiento": {
    "N_d_kN": 2405.97560625,
    "e_m": 0.27424594534708113,
    "e_lim_B6_m": 1.3083333333333333,
    "Bp_m": 7.301508109305837,
    "q_Ed_kPa": 329.51762433620564,
    "Rd_kPa": 650.0,
    "u": 0.5069501912864702,
    "ok_despegue": true,
    "ok": true
  },
  "alzado": {
    "d_mm": 789.9999999999999,
    "flexion": {
      "M_Ed_kNm_m": 706.7759363507057,
      "As_cm2_m": 21.1951181136963,
      "As_min_cm2_m": 11.898691175879778,
      "As_prov_cm2_m": 21.1951181136963,
      "rho": 0.002682926343505861,
      "ok": true
    },
    "cortante": {
      "V_Ed_kN_m": 220.53690958954562,
      "VRdc_kN_m": 285.5761870168523,
      "u": 0.7722524482635921,
      "ok": true
    },
    "armado": "phi25/225 (trasdos)",
    "As_prov_cm2_m": 21.816615649929123,
    "fisuracion": {
      "w_k_mm": 0.07953373279206069,
      "lim_mm": 0.3,
      "u": 0.26511244264020234,
      "ok": true,
      "sigma_s_MPa": 57.35776314872272,
      "phi_mm": 25,
      "s_mm": 225,
      "rho_ef": 0.01454441043328607
    }
  },
  "puntera": {
    "d_mm": 1740.0,
    "p_borde_kPa": 370.7393052338154,
    "p_cara_kPa": 310.7903878855307,
    "flexion": {
      "M_Ed_kNm_m": 1567.4065877360624,
      "As_cm2_m": 20.99392060139477,
      "As_min_cm2_m": 26.20724385573521,
      "As_prov_cm2_m": 26.20724385573521,
      "rho": 0.0015061634399847821,
      "ok": true
    },
    "cortante": {
      "V_Ed_kN_m": 501.62339812739197,
      "VRdc_kN_m": 516.8496577369272,
      "u": 0.9705402540533649,
      "ok": true
    },
    "armado": "phi20/100 (inferior)",
    "As_prov_cm2_m": 31.41592653589793,
    "fisuracion": {
      "w_k_mm": 0.26151851506267826,
      "lim_mm": 0.3,
      "u": 0.8717283835422609,
      "ok": true,
      "sigma_s_MPa": 219.72123686351773,
      "phi_mm": 20,
      "s_mm": 100,
      "rho_ef": 0.020943951023931935
    }
  },
  "talon": {
    "d_mm": 1740.0,
    "p_cara_kPa": 303.83385822736795,
    "p_borde_kPa": 242.24811037128023,
    "flexion": {
      "M_Ed_kNm_m": 471.4585105750453,
      "As_cm2_m": 6.256374503810525,
      "As_min_cm2_m": 26.20724385573521,
      "As_prov_cm2_m": 26.20724385573521,
      "rho": 0.0015061634399847821,
      "ok": true
    },
    "cortante": {
      "V_Ed_kN_m": 184.79121267698616,
      "VRdc_kN_m": 516.8496577369272,
      "u": 0.35753378165347177,
      "ok": true
    },
    "armado": "phi25/175 (superior)",
    "As_prov_cm2_m": 28.049934407051726,
    "fisuracion": {
      "w_k_mm": 0.08821906639003053,
      "lim_mm": 0.3,
      "u": 0.29406355463343514,
      "ok": true,
      "sigma_s_MPa": 74.02047536993209,
      "phi_mm": 25,
      "s_mm": 175,
      "rho_ef": 0.0186999562713678
    }
  },
  "aprovechamientos": {
    "vuelco": 0.20417030713202491,
    "deslizamiento": 0.3524740794738963,
    "hundimiento": 0.5069501912864702,
    "alzado_cortante": 0.7722524482635921,
    "puntera_cortante": 0.9705402540533649,
    "talon_cortante": 0.35753378165347177
  },
  "aprovechamiento_max": 0.9705402540533649,
  "veredicto_global": "CUMPLE",
  "mapping_writeback": {
    "elementos": {
      "ESTRIBO_PUE06": {
        "Pset_Estructurando_ResultadoPuente": {
          "Tipologia": "estribo",
          "Empuje": "activo",
          "Ka": 0.307,
          "Aprov_vuelco": 0.204,
          "Aprov_deslizamiento": 0.352,
          "Aprov_hundimiento": 0.507,
          "As_alzado_cm2_m": 21.8,
          "Aprovechamiento_max": 0.971,
          "Veredicto_global": "CUMPLE"
        }
      }
    }
  }
}