{
  "nombre_tablero": "PILA",
  "tipologia": "pila",
  "pila": {
    "H": 8.0,
    "np": 10,
    "e_long": 0.0,
    "material": {
      "E": 33000000000.0,
      "nu": 0.2,
      "G": 13750000000.0,
      "rho": 2500.0,
      "fck": 30000000.0
    },
    "pila_sec": {
      "A": 2.25,
      "Iy": 0.421875,
      "Iz": 0.421875,
      "J": 0.71296875,
      "b": 1.5,
      "h": 1.5,
      "d": 1.4
    },
    "suelo": {
      "kx": 800000000.0,
      "kz": 1500000000.0,
      "kry": 900000000.0
    },
    "q_viento_pila_N_m": 3000.0,
    "As_pila_m2": 0.025,
    "beta_pila": 2.0,
    "apoyo": {
      "tipo": "elastomerico",
      "a": 0.45,
      "b": 0.6,
      "Te": 0.063,
      "t_capa": 0.012,
      "n_capas": 5
    },
    "cimentacion": {
      "tipo": "encepado",
      "a": 2.4,
      "h": 1.4,
      "b": 1.4,
      "c_col": 1.5,
      "d_pilote": 0.85,
      "cover": 0.07,
      "phi": 0.025,
      "qs": 70000.0,
      "qb": 3000000.0
    }
  },
  "aparato_apoyo": {
    "tipo": "elastomerico",
    "vector": [
      3857142.8571428577,
      3857142.8571428577,
      2656705539.358601,
      79701166.18075803,
      44831905.9766764,
      180803.57142857142
    ],
    "Kh_N_m": 3857142.8571428577,
    "Kv_N_m": 2656705539.358601,
    "Ec_Pa": 619897959.1836736,
    "S": 10.714285714285715,
    "a": 0.45,
    "b": 0.6,
    "Te": 0.063
  },
  "reacciones": {
    "modo": "caso",
    "N_G_N": 4200000.0,
    "N_LM1_N": 1500000.0,
    "H_frenado_N": 360000.0,
    "H_viento_N": 120000.0,
    "H_termica_N": 150000.0,
    "M_G_Nm": 0.0,
    "M_LM1_Nm": 0.0
  },
  "cargas_cabeza": {
    "head": "P_10",
    "N_G_N": 4200000.0,
    "N_LM1_N": 1500000.0,
    "H_frenado_N": 360000.0,
    "H_viento_N": 120000.0,
    "H_termica_N": 150000.0,
    "e_long_m": 0.0
  },
  "f1_Hz": 4.510008003592054,
  "esfuerzos_base": {
    "N_base": 8290957.5000000205,
    "M_base": 5918400.000049071,
    "V_base": 750600.0000094414
  },
  "dx_cabeza_m": 0.06258227424293618,
  "checks": [
    {
      "nombre": "fuste_flexocompresion",
      "N_Ed_kN": 8290.95750000002,
      "M_Ed_kNm": 6011.256527960174,
      "M_Rd_kNm": 12137.769245190919,
      "N_Rd_max_kN": 49119.565217391304,
      "aprov": 0.49525216755474916,
      "delta_2orden": 1.015689464705044,
      "N_cr_kN": 536732.0264508434,
      "cumple": true
    },
    {
      "nombre": "fuste_cortante_biela",
      "V_Ed_kN": 750.6000000094414,
      "V_Rd_max_kN": 6882.206896551726,
      "aprov": 0.10906385281522465,
      "Asw_s_cm2_m": 5.480571428640364,
      "cumple": true
    }
  ],
  "cimentacion": {
    "tipo": "encepado",
    "theta_deg": 44.384718376524425,
    "T_tirante_kN": 4235.482758620701,
    "C_biela_kN": 5926.576437140997,
    "R_pilote_kN": 4145.47875000001,
    "As_tirante_cm2": 97.41610344827612,
    "biela": {
      "sigma_MPa": 5.941675011997966,
      "sRd_MPa": 10.56,
      "ok": true
    },
    "nudo_CCC": {
      "sigma_MPa": 3.6848700000000094,
      "sRd_MPa": 17.6,
      "ok": true
    },
    "nudo_CCT": {
      "sigma_MPa": 7.305449794268935,
      "sRd_MPa": 14.96,
      "ok": true
    },
    "aprov": 0.5626586185604134,
    "ok": true,
    "veredicto": "CUMPLE"
  },
  "elementos_chk": [
    {
      "nombre": "PILA_fuste",
      "N_Ed_kN": 8290.95750000002,
      "M_Ed_kNm": 6011.256527960174,
      "M_Rd_kNm": 12137.769245190919,
      "aprov_max": 0.49525216755474916,
      "veredicto": "CUMPLE",
      "delta_2orden": 1.015689464705044
    },
    {
      "nombre": "CIMENTACION_encepado",
      "aprov_max": 0.5626586185604134,
      "veredicto": "CUMPLE"
    }
  ],
  "delta_2orden": 1.015689464705044,
  "aprovechamiento_max": 0.5626586185604134,
  "veredicto_global": "CUMPLE",
  "mapping_writeback": {
    "elementos": {
      "PILA_fuste": {
        "Pset_Estructurando_ResultadoPuente": {
          "Tipologia": "pila",
          "Aprovechamiento_max": 0.495,
          "Veredicto": "CUMPLE",
          "M_Ed_ELU_kNm": 6011.3,
          "M_Rd_kNm": 12137.8,
          "N_Ed_ELU_kN": 8291.0
        }
      },
      "CIMENTACION_encepado": {
        "Pset_Estructurando_ResultadoPuente": {
          "Tipologia": "pila",
          "Aprovechamiento_max": 0.563,
          "Veredicto": "CUMPLE"
        }
      },
      "PILA": {
        "Pset_Estructurando_ResultadoPuente": {
          "Tipologia": "pila",
          "Cimentacion": "encepado",
          "Aprov_cimentacion": 0.563,
          "Delta_2orden": 1.016,
          "Desplazamiento_cabeza_mm": 62.6,
          "Frecuencia_fundamental_Hz": 4.51,
          "Aprovechamiento_max": 0.563,
          "Veredicto_global": "CUMPLE"
        }
      }
    }
  }
}