{
  "v1": {
    "nombre_tablero": "ESTRIBO_PUE16_v1",
    "tipologia": "estribo",
    "estribo": {
      "geom": {
        "Hm": 4.5,
        "t_alz": 0.6,
        "e_z": 1.0,
        "puntera": 1.0,
        "talon": 1.2,
        "Df": 1.0
      },
      "terreno": {
        "gamma": 19000.0,
        "phi": 32.0,
        "c": 0.0,
        "metodo": "rankine",
        "metodo_empuje": "activo",
        "phi_base": 32.0,
        "adh_base": 0.0,
        "Rd": 650000.0,
        "nf": -1.0,
        "phi_pas": 32.0,
        "gamma_pas": 19000.0,
        "f_pas": 0.5
      },
      "material": {
        "fck": 30000000.0
      },
      "reacciones": {
        "N_G_N": 600000.0,
        "N_LM1_N": 250000.0,
        "H_frenado_N": 80000.0
      },
      "sobrecarga": 10000.0
    },
    "Ka": 0.3072585245224685,
    "metodo_empuje": "activo",
    "H_total_m": 5.5,
    "reacciones": {
      "N_G_N": 600000.0,
      "N_Q_N": 250000.0,
      "H_Q_N": 80000.0
    },
    "vuelco": {
      "M_estab_d_kNm": 1077.696675,
      "M_vuelco_d_kNm": 908.4460682821828,
      "u": 0.8429515366948523,
      "FS_caracteristico": 1.8451664110388197,
      "ok": true
    },
    "deslizamiento": {
      "H_d_kN": 264.84970038975916,
      "R_d_kN": 497.58125230231025,
      "R_friccion_kN": 486.5388991304,
      "R_pasivo_kN": 11.042353171910246,
      "N_favorable_kN": 856.4875,
      "u": 0.5322742751345607,
      "FS_caracteristico": 3.8527347756122556,
      "ok": true
    },
    "hundimiento": {
      "N_d_kN": 1549.258125,
      "e_m": 0.6289361423424328,
      "e_lim_B6_m": 0.4666666666666666,
      "Bp_m": 1.5421277153151343,
      "q_Ed_kPa": 1004.6237478349248,
      "Rd_kPa": 650.0,
      "u": 1.545574996669115,
      "ok_despegue": false,
      "ok": false
    },
    "alzado": {
      "d_mm": 539.9999999999999,
      "flexion": {
        "M_Ed_kNm_m": 706.7759363505785,
        "As_cm2_m": 32.189035461145586,
        "As_min_cm2_m": 8.133282575917823,
        "As_prov_cm2_m": 32.189035461145586,
        "rho": 0.005960932492804739,
        "ok": true
      },
      "cortante": {
        "V_Ed_kN_m": 220.53690958954394,
        "VRdc_kN_m": 272.5814665841195,
        "u": 0.8090678810750531,
        "ok": true
      },
      "armado": "phi25/150 (trasdos)",
      "As_prov_cm2_m": 32.72492347489368,
      "fisuracion": {
        "w_k_mm": 0.06122335003459343,
        "lim_mm": 0.3,
        "u": 0.20407783344864477,
        "ok": true,
        "sigma_s_MPa": 55.941522083316784,
        "phi_mm": 25,
        "s_mm": 150,
        "rho_ef": 0.021816615649929098
      }
    },
    "puntera": {
      "d_mm": 940.0,
      "p_borde_kPa": 1299.0088420639063,
      "p_cara_kPa": 659.8353830499458,
      "flexion": {
        "M_Ed_kNm_m": 419.892226360633,
        "As_cm2_m": 10.399004159695135,
        "As_min_cm2_m": 14.157936335856952,
        "As_prov_cm2_m": 14.157936335856952,
        "rho": 0.0015061634399847821,
        "ok": true
      },
      "cortante": {
        "V_Ed_kN_m": 1007.195741716997,
        "VRdc_kN_m": 318.309989283796,
        "u": 3.1641977180270335,
        "ok": false
      },
      "armado": "phi16/125 (inferior)",
      "As_prov_cm2_m": 16.08495438637974,
      "fisuracion": {
        "w_k_mm": 0.2704651863486175,
        "lim_mm": 0.3,
        "u": 0.9015506211620583,
        "ok": true,
        "sigma_s_MPa": 212.80392577378518,
        "phi_mm": 16,
        "s_mm": 125,
        "rho_ef": 0.01072330292425315
      }
    },
    "talon": {
      "d_mm": 940.0,
      "p_cara_kPa": 500.04201829645575,
      "p_borde_kPa": -192.3958956353346,
      "flexion": {
        "M_Ed_kNm_m": 90.08424551381123,
        "As_cm2_m": 2.209835811036058,
        "As_min_cm2_m": 14.157936335856952,
        "As_prov_cm2_m": 14.157936335856952,
        "rho": 0.0015061634399847821,
        "ok": true
      },
      "cortante": {
        "V_Ed_kN_m": 283.7731902438742,
        "VRdc_kN_m": 318.309989283796,
        "u": 0.8914994810007995,
        "ok": true
      },
      "armado": "phi20/200 (superior)",
      "As_prov_cm2_m": 15.707963267948967,
      "fisuracion": {
        "w_k_mm": 0.06937975661454249,
        "lim_mm": 0.3,
        "u": 0.2312658553818083,
        "ok": true,
        "sigma_s_MPa": 46.750967533144056,
        "phi_mm": 20,
        "s_mm": 200,
        "rho_ef": 0.010471975511965968
      }
    },
    "aprovechamientos": {
      "vuelco": 0.8429515366948523,
      "deslizamiento": 0.5322742751345607,
      "hundimiento": 1.545574996669115,
      "alzado_cortante": 0.8090678810750531,
      "puntera_cortante": 3.1641977180270335,
      "talon_cortante": 0.8914994810007995
    },
    "aprovechamiento_max": 3.1641977180270335,
    "veredicto_global": "NO CUMPLE",
    "mapping_writeback": {
      "elementos": {
        "ESTRIBO_PUE16_v1": {
          "Pset_Estructurando_ResultadoPuente": {
            "Tipologia": "estribo",
            "Empuje": "activo",
            "Ka": 0.307,
            "Aprov_vuelco": 0.843,
            "Aprov_deslizamiento": 0.532,
            "Aprov_hundimiento": 1.546,
            "As_alzado_cm2_m": 32.7,
            "Aprovechamiento_max": 3.164,
            "Veredicto_global": "NO CUMPLE"
          }
        }
      }
    }
  },
  "v2": {
    "nombre_tablero": "ESTRIBO_PUE16_v2",
    "tipologia": "estribo",
    "estribo": {
      "geom": {
        "Hm": 4.5,
        "t_alz": 0.85,
        "e_z": 1.8,
        "puntera": 3.4,
        "talon": 3.6,
        "Df": 1.8
      },
      "terreno": {
        "gamma": 19000.0,
        "phi": 32.0,
        "c": 0.0,
        "metodo": "rankine",
        "metodo_empuje": "activo",
        "phi_base": 32.0,
        "adh_base": 0.0,
        "Rd": 650000.0,
        "nf": -1.0,
        "phi_pas": 32.0,
        "gamma_pas": 19000.0,
        "f_pas": 0.5
      },
      "material": {
        "fck": 30000000.0
      },
      "reacciones": {
        "N_G_N": 600000.0,
        "N_LM1_N": 250000.0,
        "H_frenado_N": 80000.0
      },
      "sobrecarga": 10000.0
    },
    "Ka": 0.3072585245224685,
    "metodo_empuje": "activo",
    "H_total_m": 6.3,
    "reacciones": {
      "N_G_N": 600000.0,
      "N_Q_N": 250000.0,
      "H_Q_N": 80000.0
    },
    "vuelco": {
      "M_estab_d_kNm": 5466.4602384375,
      "M_vuelco_d_kNm": 1116.0888658067865,
      "u": 0.20417030713202491,
      "FS_caracteristico": 7.506166787384274,
      "ok": true
    },
    "deslizamiento": {
      "H_d_kN": 305.8289756685323,
      "R_d_kN": 867.6637332453307,
      "R_friccion_kN": 831.8865089683416,
      "R_pasivo_kN": 35.7772242769892,
      "N_favorable_kN": 1464.426375,
      "u": 0.3524740794738963,
      "FS_caracteristico": 5.308001875292818,
      "ok": true
    },
    "hundimiento": {
      "N_d_kN": 2405.97560625,
      "e_m": 0.27424594534708113,
      "e_lim_B6_m": 1.3083333333333333,
      "Bp_m": 7.301508109305837,
      "q_Ed_kPa": 329.51762433620564,
      "Rd_kPa": 650.0,
      "u": 0.5069501912864702,
      "ok_despegue": true,
      "ok": true
    },
    "alzado": {
      "d_mm": 789.9999999999999,
      "flexion": {
        "M_Ed_kNm_m": 706.7759363507057,
        "As_cm2_m": 21.1951181136963,
        "As_min_cm2_m": 11.898691175879778,
        "As_prov_cm2_m": 21.1951181136963,
        "rho": 0.002682926343505861,
        "ok": true
      },
      "cortante": {
        "V_Ed_kN_m": 220.53690958954562,
        "VRdc_kN_m": 285.5761870168523,
        "u": 0.7722524482635921,
        "ok": true
      },
      "armado": "phi25/225 (trasdos)",
      "As_prov_cm2_m": 21.816615649929123,
      "fisuracion": {
        "w_k_mm": 0.07953373279206069,
        "lim_mm": 0.3,
        "u": 0.26511244264020234,
        "ok": true,
        "sigma_s_MPa": 57.35776314872272,
        "phi_mm": 25,
        "s_mm": 225,
        "rho_ef": 0.01454441043328607
      }
    },
    "puntera": {
      "d_mm": 1740.0,
      "p_borde_kPa": 370.7393052338154,
      "p_cara_kPa": 310.7903878855307,