{
  "autodiagnostico_placa": {
    "valido": true,
    "checks": {
      "flecha (mm)": [
        1.1831120156861759,
        1.1545624999999997,
        0.024727561900006426
      ],
      "M_max (kN·m/m)": [
        12.030681878889032,
        11.975,
        0.0046498437485621965
      ]
    }
  },
  "losa": {
    "t": 0.2,
    "d_x_mm": 169.0,
    "d_y_mm": 157.0,
    "fck_MPa": 30.0,
    "fcd_MPa": 20.0,
    "fyd_MPa": 434.7826086956522,
    "recubrimiento_mm": 25.0,
    "phi_mm": 12.0,
    "x_inferior": {
      "m_Ed_kNm_m": 25.02350837341686,
      "mu": 0.04380712925565781,
      "mu_ok": true,
      "As_req_cm2_m": 3.783962475927598,
      "As_min_cm2_m": 2.5485200000000003,
      "As_max_cm2_m": 80.0,
      "As_dim_cm2_m": 3.783962475927598,
      "armado": "φ10/200",
      "As_prov_cm2_m": 3.926990816987242,
      "ok": true
    },
    "x_superior": {
      "m_Ed_kNm_m": 1.0495305073668506,
      "mu": 0.0018373490202843918,
      "mu_ok": true,
      "As_req_cm2_m": 0.15870612537434292,
      "As_min_cm2_m": 2.5485200000000003,
      "As_max_cm2_m": 80.0,
      "As_dim_cm2_m": 2.5485200000000003,
      "armado": "φ10/300",
      "As_prov_cm2_m": 2.6179938779914944,
      "ok": true
    },
    "y_inferior": {
      "m_Ed_kNm_m": 27.762281386035923,
      "mu": 0.05631522858135406,
      "mu_ok": true,
      "As_req_cm2_m": 4.518984231272656,
      "As_min_cm2_m": 2.36756,
      "As_max_cm2_m": 80.0,
      "As_dim_cm2_m": 4.518984231272656,
      "armado": "φ10/150",
      "As_prov_cm2_m": 5.235987755982989,
      "ok": true
    },
    "y_superior": {
      "m_Ed_kNm_m": 0.0,
      "mu": 0.0,
      "mu_ok": true,
      "As_req_cm2_m": 0.0,
      "As_min_cm2_m": 2.36756,
      "As_max_cm2_m": 80.0,
      "As_dim_cm2_m": 2.36756,
      "armado": "φ10/300",
      "As_prov_cm2_m": 2.6179938779914944,
      "ok": true
    },
    "flecha": {
      "L_m": 5.0,
      "f_total_mm": 3.996927509176325,
      "lim_total_mm": 16.666666666666668,
      "u_total": 0.23981565055057952,
      "ok_total": true,
      "f_activa_mm": 1.1870184600354465,
      "lim_activa_mm": 10.0,
      "u_activa": 0.11870184600354465,
      "ok_activa": true
    },
    "veredicto": "CUMPLE"
  },
  "barras": {
    "viga_critica": {
      "M_Ed_kNm": 32.392330812280626,
      "Mc_Rd_kNm": 221.21,
      "u_M": 0.14643248864102268,
      "V_Ed_kN": 3.4401325040653243,
      "Vpl_Rd_kN": 489.17444932764016,
      "u_V": 0.007032526962096473,
      "N_Ed_kN": 0.13517945933896716,
      "Nc_Rd_kN": 1721.775,
      "u_N": 7.851168668320027e-05,
      "u_max": 0.14643248864102268,
      "seccion": "IPE 330",
      "id": "V_W4"
    },
    "pilar_critico": {
      "M_Ed_kNm": 18.454919875454397,
      "Mc_Rd_kNm": 176.6875,
      "u_M": 0.10444949345853215,
      "V_Ed_kN": 6.918942227150412,
      "Vpl_Rd_kN": 394.2291975594062,
      "u_V": 0.01755055756900857,
      "N_Ed_kN": 92.88737626205187,
      "Nc_Rd_kN": 2147.2,
      "u_N": 0.043259769123533846,
      "u_max": 0.10444949345853215,
      "seccion": "HEB 200",
      "id": "C3"
    }
  },
  "equilibrio": {
    "carga_losa_ELU_kN": 345.54375,
    "pp_barras_ELU_kN": 26.00575504830001,
    "aplicada_total_ELU_kN": 371.54950504830003,
    "reaccion_ELU_kN": 371.5495050481646,
    "error_pct": 3.645523008516208e-11
  },
  "punzonamiento": {
    "V_Ed_kN": 92.88737626205187,
    "posicion": "corner",
    "beta": 1.5,
    "u0_m": 0.4,
    "u1_m": 0.9120796025351363,
    "d_mm": 163.0,
    "k": 2.0,
    "rho_l": 0.0027837874685596943,
    "vEd_u1_MPa": 0.9371899160079862,
    "vRdc_MPa": 0.5422176684690384,
    "u_vRdc": 1.7284385413964085,
    "vEd_u0_MPa": 2.1369795152312543,
    "vRdmax_MPa": 5.28,
    "u_vRdmax": 0.4047309687937982,
    "ok_vRdc": false,
    "ok_vRdmax": true,
    "requiere_armadura": true,
    "ok": false
  },
  "fisuracion": {
    "M_qp_kNm_m": 15.783144925074083,
    "sigma_s_MPa": 213.33040614533346,
    "rho_p_eff": 0.005235987755982989,
    "hc_ef_mm": 100.0,
    "eps_sm_cm": 0.0006399912184360003,
    "sr_max_mm": 474.6113006889598,
    "wk_mm": 0.30374706461142226,
    "wmax_mm": 0.3,
    "u": 1.0124902153714077,
    "ok": false
  }
}