{
  "autodiagnostico": {
    "valido": true,
    "checks": {
      "M (kN·m)": [
        90.0,
        90.0,
        0.0
      ],
      "V (kN)": [
        60.0,
        60.0,
        0.0
      ],
      "flecha (mm)": [
        13.652897940228957,
        13.654569729336085,
        0.00012243440403215944
      ]
    }
  },
  "barras": {
    "C1": {
      "seccion": "HEB 240",
      "material": "S275",
      "tipo": "pilar",
      "L": 4.0,
      "fy": 275000000.0,
      "compresion": true,
      "comprobaciones": {
        "Flexion Mc,Rd": {
          "Ed": 56948.41400936504,
          "Rd": 289575.0,
          "u": 0.19666205304106033,
          "ok": true,
          "art": "EC3 6.2.5"
        },
        "Cortante Vpl,Rd": {
          "Ed": 14237.10350234126,
          "Rd": 527597.1097422098,
          "u": 0.026984801924517136,
          "ok": true,
          "art": "EC3 6.2.6"
        },
        "Axil Nc,Rd": {
          "Ed": 93600.00000000003,
          "Rd": 2915000.0,
          "u": 0.0321097770154374,
          "ok": true,
          "art": "EC3 6.2.4"
        },
        "Interaccion N+M": {
          "Ed": null,
          "Rd": null,
          "u": 0.22877183005649773,
          "ok": true,
          "art": "EC3 6.2.1 (lineal, conservadora)"
        },
        "Pandeo Nb,Rd": {
          "Ed": 93600.00000000003,
          "Rd": 2643700.439117129,
          "u": 0.03540491903509991,
          "ok": true,
          "art": "EC3 6.3.1",
          "lambda_bar": 0.44710605583451807,
          "chi": 0.9069298247400098
        },
        "Flecha total L/300": {
          "Ed": 1.971869191104078e-05,
          "Rd": 0.013333333333333334,
          "u": 0.0014789018933280586,
          "ok": true,
          "art": "EC0 7.4 / criterio despacho"
        },
        "Flecha activa L/500": {
          "Ed": 8.963041777745612e-06,
          "Rd": 0.008,
          "u": 0.0011203802222182016,
          "ok": true,
          "art": "criterio despacho"
        }
      },
      "aprovechamiento_max": 0.22877183005649773,
      "veredicto": "CUMPLE"
    },
    "C2": {
      "seccion": "HEB 240",
      "material": "S275",
      "tipo": "pilar",
      "L": 4.0,
      "fy": 275000000.0,
      "compresion": true,
      "comprobaciones": {
        "Flexion Mc,Rd": {
          "Ed": 56948.41400936503,
          "Rd": 289575.0,
          "u": 0.19666205304106027,
          "ok": true,
          "art": "EC3 6.2.5"
        },
        "Cortante Vpl,Rd": {
          "Ed": 14237.103502341257,
          "Rd": 527597.1097422098,
          "u": 0.02698480192451713,
          "ok": true,
          "art": "EC3 6.2.6"
        },
        "Axil Nc,Rd": {
          "Ed": 93600.00000000004,
          "Rd": 2915000.0,
          "u": 0.03210977701543741,
          "ok": true,
          "art": "EC3 6.2.4"
        },
        "Interaccion N+M": {
          "Ed": null,
          "Rd": null,
          "u": 0.22877183005649768,
          "ok": true,
          "art": "EC3 6.2.1 (lineal, conservadora)"
        },
        "Pandeo Nb,Rd": {
          "Ed": 93600.00000000004,
          "Rd": 2643700.439117129,
          "u": 0.035404919035099916,
          "ok": true,
          "art": "EC3 6.3.1",
          "lambda_bar": 0.44710605583451807,
          "chi": 0.9069298247400098
        },
        "Flecha total L/300": {
          "Ed": 0.001727138392662272,
          "Rd": 0.013333333333333334,
          "u": 0.1295353794496704,
          "ok": true,
          "art": "EC0 7.4 / criterio despacho"
        },
        "Flecha activa L/500": {
          "Ed": 0.0007850629057555777,
          "Rd": 0.008,
          "u": 0.09813286321944721,
          "ok": true,
          "art": "criterio despacho"
        }
      },
      "aprovechamiento_max": 0.22877183005649768,
      "veredicto": "CUMPLE"
    },
    "B1": {
      "seccion": "IPE 360",
      "material": "S275",
      "tipo": "viga",
      "L": 6.0,
      "fy": 275000000.0,
      "compresion": true,
      "comprobaciones": {
        "Flexion Mc,Rd": {
          "Ed": 83451.58599063507,
          "Rd": 280225.0,
          "u": 0.2978020733005088,
          "ok": true,
          "art": "EC3 6.2.5"
        },
        "Cortante Vpl,Rd": {
          "Ed": 93600.00000000003,
          "Rd": 557922.432631395,
          "u": 0.16776525646861587,
          "ok": true,
          "art": "EC3 6.2.6"
        },
        "Axil Nc,Rd": {
          "Ed": 14237.103502341262,
          "Rd": 2000075.0,
          "u": 0.00711828481549005,
          "ok": true,
          "art": "EC3 6.2.4"
        },
        "Interaccion N+M": {
          "Ed": null,
          "Rd": null,
          "u": 0.3049203581159988,
          "ok": true,
          "art": "EC3 6.2.1 (lineal, conservadora)"
        },
        "Pandeo Nb,Rd": {
          "Ed": 14237.103502341262,
          "Rd": 1801288.361115165,
          "u": 0.007903844720079782,
          "ok": true,
          "art": "EC3 6.3.1",
          "lambda_bar": 0.46214801415087814,
          "chi": 0.9006104076672949
        },
        "Flecha total L/300": {
          "Ed": 0.005695567437716206,
          "Rd": 0.02,
          "u": 0.2847783718858103,
          "ok": true,
          "art": "EC0 7.4 / criterio despacho"
        },
        "Flecha activa L/500": {
          "Ed": 0.0025888942898710026,
          "Rd": 0.012,
          "u": 0.21574119082258356,
          "ok": true,
          "art": "criterio despacho"
        }
      },
      "aprovechamiento_max": 0.3049203581159988,
      "veredicto": "CUMPLE"
    }
  },
  "validacion_cruzada": {
    "ok": true,
    "detalle": {
      "barras": {
        "C1": {
          "M": [
            56.948414009365045,
            56.94838553517227,
            5.000000000080453e-07
          ],
          "V": [
            14.237103502341261,
            14.237096383793059,
            5.00000000646866e-07
          ],
          "N": [
            93.60000000000002,
            93.60000000000001,
            1.5546917979024412e-16
          ],
          "ok": true
        },
        "C2": {
          "M": [
            56.94841400936503,
            56.948385535172214,
            5.000000007746302e-07
          ],
          "V": [
            14.237103502341258,
            14.237096383793046,
            5.000000012856868e-07
          ],
          "N": [
            93.60000000000004,
            93.59999999999998,
            6.218767191609767e-16
          ],
          "ok": true
        },
        "B1": {
          "M": [
            83.45158599063507,
            83.39313882967573,
            0.0007008629460357051
          ],
          "V": [
            93.60000000000002,
            93.60000000000014,
            1.0882842585317074e-15
          ],
          "N": [
            14.237103502341263,
            14.237096383793075,
            4.99999999752517e-07
          ],
          "ok": true
        }
      },
      "ok": true,
      "tol": 0.01
    }
  }
}