{
  "barras": {
    "C1": {
      "M": [
        48.76122008294048,
        48.761195702342654,
        4.999999995991042e-07
      ],
      "V": [
        12.19030502073512,
        12.190298925585664,
        4.999999995991042e-07
      ],
      "N": [
        93.60000000000002,
        93.59999999999997,
        6.218767191609768e-16
      ],
      "ok": true
    },
    "B1": {
      "M": [
        91.63877991705964,
        91.58032866250531,
        0.0006382511987889026
      ],
      "V": [
        93.60000000000002,
        93.60000000000012,
        9.328150787414637e-16
      ],
      "N": [
        12.190305020735119,
        12.190298925585667,
        4.999999991514555e-07
      ],
      "ok": true
    },
    "C2": {
      "M": [
        48.761220082940476,
        48.761195702342654,
        4.99999999449888e-07
      ],
      "V": [
        12.190305020735119,
        12.190298925585664,
        4.99999999449888e-07
      ],
      "N": [
        93.60000000000002,
        93.6,
        3.109383595804883e-16
      ],
      "ok": true
    }
  },
  "ok": true,
  "tol": 0.01
}