{
  "barras": {
    "B1": {
      "M": [
        52.677392854877255,
        52.67736651619395,
        5.000000008531396e-07
      ],
      "V": [
        19.728782335511497,
        19.72877247112525,
        5.000000006050784e-07
      ],
      "N": [
        89.10000000000001,
        89.1,
        1.633211585675292e-16
      ],
      "ok": true
    },
    "B2": {
      "M": [
        80.97260714512286,
        80.9169691772671,
        0.0006875933246321818
      ],
      "V": [
        89.10000000000002,
        89.10000000000012,
        9.79926951405174e-16
      ],
      "N": [
        19.728782335511497,
        19.72877247112525,
        5.000000006050784e-07
      ],
      "ok": true
    },
    "B3": {
      "M": [
        52.677392854877255,
        52.67736651619397,
        5.000000004387703e-07
      ],
      "V": [
        19.728782335511497,
        19.728772471125257,
        5.00000000236279e-07
      ],
      "N": [
        89.10000000000001,
        89.09999999999998,
        3.2664231713505845e-16
      ],
      "ok": true
    }
  },
  "ok": true,
  "tol": 0.01
}