{
  "caso": "13-losa-postesada",
  "modelo_resumen": {
    "t_m": 0.25,
    "Lx_m": 8.0,
    "Ly_m": 8.0,
    "n_pilares": 9,
    "material": "C40/50",
    "fck_MPa": 40.0,
    "fctm_MPa": 3.5,
    "g0_kN_m2": 6.25,
    "g2_kN_m2": 2.75,
    "q_kN_m2": 5.0,
    "permanente_kN_m2": 9.0
  },
  "pretensado": {
    "Ap_cordon_mm2": 150.0,
    "fpk_MPa": 1860.0,
    "fp01k_MPa": 1640.0,
    "Ep_GPa": 195.0,
    "drape_m": 0.17,
    "recubrimiento_eje_m": 0.04,
    "Lx_m": 8.0,
    "Ly_m": 8.0,
    "P_m_X_N_m": 212000.0,
    "P_m_Y_N_m": 212000.0,
    "P0_m_X_N_m": 255000.0,
    "P0_m_Y_N_m": 255000.0,
    "sigma_p0_MPa": 1339.0,
    "sigma_p0_frac_fpk": 0.7198924731182795,
    "sigma_pm_inf_MPa": 1116.0,
    "sigma_pm_inf_frac_fpk": 0.6,
    "sigma_pmax_MPa": 1488.0,
    "perdidas_totales_pct": 25.0,
    "perdidas_transferencia_pct": 10.013440860215054,
    "perdidas_diferidas_pct": 16.654219566840926,
    "relajacion_MPa": 57.0608677160512,
    "fck_t_Pa": 32000000.0,
    "w_p0_N_m2": 10837.5,
    "n_cordones_m_X": 1.27,
    "layout": "banded_X + distribuido_Y"
  },
  "balance_2d": {
    "w_px_N_m2": 4505.0,
    "w_py_N_m2": 4505.0,
    "w_p_N_m2": 9010.0,
    "w_equilibrar_N_m2": 9000.0,
    "residual_N_m2": -10.0,
    "residual_pct": 0.1111111111111111,
    "sigma_cp_x_Pa": 848000.0,
    "sigma_cp_y_Pa": 848000.0,
    "sigma_cp_Pa": 848000.0,
    "P_x_para_equilibrar_N_m": 211764.70588235292,
    "P_y_para_equilibrar_N_m": 211764.70588235292,
    "w_p0_N_m2": 10837.5
  },
  "verificacion": {
    "materiales": {
      "fck_MPa": 40.0,
      "fck_t_MPa": 32.0,
      "fctm_MPa": 3.5,
      "Ecm_GPa": 35.0,
      "t_m": 0.25,
      "I_m4_m": 0.0013020833333333333,
      "W_m3_m": 0.010416666666666666
    },
    "tensiones_franja": {
      "X_pilares": {
        "transferencia": {
          "sigma_sup_MPa": -4.296589203580926,
          "sigma_inf_MPa": 2.2565892035809263,
          "M_net_kNm_m": 34.13113753730131,
          "u_compresion": 0.22378068768650658,
          "lim_comp_MPa": 19.2,
          "traccion_max_MPa": 2.2565892035809263,
          "u_traccion_fctm": 0.6447397724516932,
          "lim_tracc_MPa": 3.5,
          "ok": true
        },
        "servicio_cuasiperm": {
          "sigma_sup_MPa": -1.590340572108619,
          "sigma_inf_MPa": -0.10565942789138108,
          "M_net_kNm_m": 7.732714292798113,
          "u_compresion": 0.08835225400603439,
          "lim_comp_MPa": 18.0,
          "traccion_max_MPa": 0.0,
          "u_traccion_fctm": 0.0,
          "lim_tracc_MPa": 3.5,
          "ok": true
        },
        "servicio_rara": {
          "sigma_sup_MPa": -3.334093593840282,
          "sigma_inf_MPa": 1.6380935938402819,
          "M_net_kNm_m": 25.896808269169604,
          "u_compresion": 0.13892056641001174,
          "lim_comp_MPa": 24.0,
          "traccion_max_MPa": 1.6380935938402819,
          "u_traccion_fctm": 0.4680267410972234,
          "lim_tracc_MPa": 3.5,
          "ok": true
        }
      },
      "Y_central": {
        "transferencia": {
          "sigma_sup_MPa": -4.296589203580873,
          "sigma_inf_MPa": 2.2565892035808726,
          "M_net_kNm_m": 34.13113753730075,
          "u_compresion": 0.2237806876865038,
          "lim_comp_MPa": 19.2,
          "traccion_max_MPa": 2.2565892035808726,
          "u_traccion_fctm": 0.6447397724516779,
          "lim_tracc_MPa": 3.5,
          "ok": true
        },
        "servicio_cuasiperm": {
          "sigma_sup_MPa": -1.5903405721086135,
          "sigma_inf_MPa": -0.10565942789138644,
          "M_net_kNm_m": 7.732714292798057,
          "u_compresion": 0.08835225400603408,
          "lim_comp_MPa": 18.0,
          "traccion_max_MPa": 0.0,
          "u_traccion_fctm": 0.0,
          "lim_tracc_MPa": 3.5,
          "ok": true
        },
        "servicio_rara": {
          "sigma_sup_MPa": -3.334093593840241,
          "sigma_inf_MPa": 1.638093593840241,
          "M_net_kNm_m": 25.896808269169174,
          "u_compresion": 0.13892056641001005,
          "lim_comp_MPa": 24.0,
          "traccion_max_MPa": 1.638093593840241,
          "u_traccion_fctm": 0.4680267410972117,
          "lim_tracc_MPa": 3.5,
          "ok": true
        }
      }
    },
    "punzonamiento": {
      "interior": {
        "lado_mm": 450.0,
        "V_Ed_sin_kN": 1257.6,
        "A_trib_m2": 64.0,
        "V_Ed_elastico_kN": 1937.1535341418848,
        "V_p_kN": 14.440831560000001,
        "area_control_m2": 1.602756,
        "sin_pretensado": {
          "V_Ed_kN": 1257.6,
          "V_Ed_red_kN": 1257.6,
          "V_Ed_bruta_kN": 1257.6,
          "V_p_kN": 0.0,
          "sigma_cp_MPa": 0.0,
          "vRdc_base_MPa": 0.62147827577051,
          "k1": 0.1,
          "posicion": "interior",
          "beta": 1.15,
          "u0_m": 1.8,
          "u1_m": 4.363539605329271,
          "d_mm": 204.00000000000003,
          "k": 1.9901475429766742,
          "rho_l": 0.002769432145618104,
          "vEd_u1_MPa": 1.6246928883256733,
          "vRdc_MPa": 0.62147827577051,
          "u_vRdc": 2.6142392287347067,
          "vEd_u0_MPa": 3.9385620915032677,
          "vRdmax_MPa": 6.72,
          "u_vRdmax": 0.5860955493308434,
          "ok_vRdc": false,
          "ok_vRdmax": true,
          "requiere_armadura": true,
          "ok": false
        },
        "con_pretensado": {
          "V_Ed_kN": 1243.15916844,
          "V_Ed_red_kN": 1243.15916844,
          "V_Ed_bruta_kN": 1257.6,
          "V_p_kN": 14.440831560000001,
          "sigma_cp_MPa": 0.848,
          "vRdc_base_MPa": 0.62147827577051,
          "k1": 0.1,
          "posicion": "interior",
          "beta": 1.15,
          "u0_m": 1.8,
          "u1_m": 4.363539605329271,
          "d_mm": 204.00000000000003,
          "k": 1.9901475429766742,
          "rho_l": 0.002769432145618104,
          "vEd_u1_MPa": 1.6060367843681023,
          "vRdc_MPa": 0.70627827577051,
          "u_vRdc": 2.2739433442378023,
          "vEd_u0_MPa": 3.8933361756699343,
          "vRdmax_MPa": 6.72,
          "u_vRdmax": 0.5793655023318355,
          "ok_vRdc": false,
          "ok_vRdmax": true,
          "requiere_armadura": true,
          "ok": false
        },
        "dimensionado": {
          "V_Ed_kN": 1243.15916844,
          "posicion": "interior",
          "beta": 1.15,
          "h_actual_mm": 250,
          "d_actual_mm": 204,
          "u_actual_vRdc": 2.5842203130542813,
          "canto_minimo": {
            "h_min_mm": 470,
            "incremento_mm": 220
          },
          "armadura": {
            "asw_sr_mm2_m": 11.016879985766566,
            "asw_sr_cm2_m": 110.16879985766568,
            "u_out_m": 11.276347684908766,
            "fywd_ef_MPa": 301.0,
            "viable": true,
            "nota": "armadura viable solo si vEd(u0) <= vRd,max"
          },
          "capitel": {
            "lado_capitel_mm": 2178,
            "ampliacion_mm": 1728
          }
        },
        "requiere_refuerzo": true,
        "resuelto_con_solucion": true,
        "relajacion_pretensado_pct": 13.017013927283458
      },
      "edge": {
        "lado_mm": 450.0,
        "V_Ed_sin_kN": 628.8,
        "A_trib_m2": 32.0,
        "V_Ed_elastico_kN": 574.3226395807569,
        "V_p_kN": 9.786914280000001,
        "area_control_m2": 1.0862280000000002,
        "sin_pretensado": {
          "V_Ed_kN": 628.8,
          "V_Ed_red_kN": 628.8,
          "V_Ed_bruta_kN": 628.8,
          "V_p_kN": 0.0,
          "sigma_cp_MPa": 0.0,
          "vRdc_base_MPa": 0.62147827577051,
          "k1": 0.1,
          "posicion": "edge",
          "beta": 1.4,
          "u0_m": 1.35,
          "u1_m": 2.6317698026646354,
          "d_mm": 204.00000000000003,
          "k": 1.9901475429766742,
          "rho_l": 0.002769432145618104,
          "vEd_u1_MPa": 1.6396928459616318,
          "vRdc_MPa": 0.62147827577051,
          "u_vRdc": 2.6383751611087893,
          "vEd_u0_MPa": 3.196514161220043,
          "vRdmax_MPa": 6.72,