{
  "autodiagnostico": {
    "valido": true,
    "checks": {
      "M (kN·m)": [
        90.0,
        90.0,
        0.0
      ],
      "V (kN)": [
        60.0,
        60.0,
        0.0
      ],
      "flecha (mm)": [
        13.652897940228957,
        13.654569729336085,
        0.00012243440403215944
      ]
    }
  },
  "barras": {
    "PORT_pilar_1": {
      "seccion": "HEB 240",
      "material": "S275",
      "tipo": "RIGID_JOINED_MEMBER",
      "L": 4.0,
      "fy": 275000000.0,
      "compresion": true,
      "comprobaciones": {
        "Flexion Mc,Rd": {
          "Ed": 56948.41400936503,
          "Rd": 289575.0,
          "u": 0.19666205304106027,
          "ok": true,
          "art": "EC3 6.2.5"
        },
        "Cortante Vpl,Rd": {
          "Ed": 14237.103502341257,
          "Rd": 527597.1097422098,
          "u": 0.02698480192451713,
          "ok": true,
          "art": "EC3 6.2.6"
        },
        "Axil Nc,Rd": {
          "Ed": 93600.00000000003,
          "Rd": 2915000.0,
          "u": 0.0321097770154374,
          "ok": true,
          "art": "EC3 6.2.4"
        },
        "Interaccion N+M": {
          "Ed": null,
          "Rd": null,
          "u": 0.22877183005649768,
          "ok": true,
          "art": "EC3 6.2.1 (lineal, conservadora)"
        },
        "Pandeo Nb,Rd": {
          "Ed": 93600.00000000003,
          "Rd": 2643700.439117129,
          "u": 0.03540491903509991,
          "ok": true,
          "art": "EC3 6.3.1",
          "lambda_bar": 0.44710605583451807,
          "chi": 0.9069298247400098
        },
        "Flecha total L/300": {
          "Ed": 1.9718691911039914e-05,
          "Rd": 0.013333333333333334,
          "u": 0.0014789018933279935,
          "ok": true,
          "art": "EC0 7.4 / criterio despacho"
        },
        "Flecha activa L/500": {
          "Ed": 8.963041777745431e-06,
          "Rd": 0.008,
          "u": 0.0011203802222181788,
          "ok": true,
          "art": "criterio despacho"
        }
      },
      "aprovechamiento_max": 0.22877183005649768,
      "veredicto": "CUMPLE"
    },
    "PORT_pilar_2": {
      "seccion": "HEB 240",
      "material": "S275",
      "tipo": "RIGID_JOINED_MEMBER",
      "L": 4.0,
      "fy": 275000000.0,
      "compresion": true,
      "comprobaciones": {
        "Flexion Mc,Rd": {
          "Ed": 56948.41400936502,
          "Rd": 289575.0,
          "u": 0.19666205304106024,
          "ok": true,
          "art": "EC3 6.2.5"
        },
        "Cortante Vpl,Rd": {
          "Ed": 14237.103502341255,
          "Rd": 527597.1097422098,
          "u": 0.026984801924517125,
          "ok": true,
          "art": "EC3 6.2.6"
        },
        "Axil Nc,Rd": {
          "Ed": 93600.00000000003,
          "Rd": 2915000.0,
          "u": 0.0321097770154374,
          "ok": true,
          "art": "EC3 6.2.4"
        },
        "Interaccion N+M": {
          "Ed": null,
          "Rd": null,
          "u": 0.22877183005649765,
          "ok": true,
          "art": "EC3 6.2.1 (lineal, conservadora)"
        },
        "Pandeo Nb,Rd": {
          "Ed": 93600.00000000003,
          "Rd": 2643700.439117129,
          "u": 0.03540491903509991,
          "ok": true,
          "art": "EC3 6.3.1",
          "lambda_bar": 0.44710605583451807,
          "chi": 0.9069298247400098
        },
        "Flecha total L/300": {
          "Ed": 0.0017271383926622714,
          "Rd": 0.013333333333333334,
          "u": 0.12953537944967036,
          "ok": true,
          "art": "EC0 7.4 / criterio despacho"
        },
        "Flecha activa L/500": {
          "Ed": 0.0007850629057555784,
          "Rd": 0.008,
          "u": 0.0981328632194473,
          "ok": true,
          "art": "criterio despacho"
        }
      },
      "aprovechamiento_max": 0.22877183005649765,
      "veredicto": "CUMPLE"
    },
    "PORT_dintel": {
      "seccion": "IPE 360",
      "material": "S275",
      "tipo": "RIGID_JOINED_MEMBER",
      "L": 6.0,
      "fy": 275000000.0,
      "compresion": true,
      "comprobaciones": {
        "Flexion Mc,Rd": {
          "Ed": 83451.58599063504,
          "Rd": 280225.0,
          "u": 0.2978020733005087,
          "ok": true,
          "art": "EC3 6.2.5"
        },
        "Cortante Vpl,Rd": {
          "Ed": 93600.00000000003,
          "Rd": 557922.432631395,
          "u": 0.16776525646861587,
          "ok": true,
          "art": "EC3 6.2.6"
        },
        "Axil Nc,Rd": {
          "Ed": 14237.103502341259,
          "Rd": 2000075.0,
          "u": 0.007118284815490049,
          "ok": true,
          "art": "EC3 6.2.4"
        },
        "Interaccion N+M": {
          "Ed": null,
          "Rd": null,
          "u": 0.3049203581159987,
          "ok": true,
          "art": "EC3 6.2.1 (lineal, conservadora)"
        },
        "Pandeo Nb,Rd": {
          "Ed": 14237.103502341259,
          "Rd": 1801288.361115165,
          "u": 0.00790384472007978,
          "ok": true,
          "art": "EC3 6.3.1",
          "lambda_bar": 0.46214801415087814,
          "chi": 0.9006104076672949
        },
        "Flecha total L/300": {
          "Ed": 0.005695567437716206,
          "Rd": 0.02,
          "u": 0.2847783718858103,
          "ok": true,
          "art": "EC0 7.4 / criterio despacho"
        },
        "Flecha activa L/500": {
          "Ed": 0.0025888942898710026,
          "Rd": 0.012,
          "u": 0.21574119082258356,
          "ok": true,
          "art": "criterio despacho"
        }
      },
      "aprovechamiento_max": 0.3049203581159987,
      "veredicto": "CUMPLE"
    }
  }
}