{
  "barras": {
    "C1": {
      "M": [
        48.5296228139175,
        48.52959876894577,
        4.954702355088664e-07
      ],
      "V": [
        12.012282874732056,
        12.012277036430147,
        4.860279105975016e-07
      ],
      "N": [
        93.60000000000001,
        93.59999999999998,
        3.1093835958048834e-16
      ],
      "ok": true
    },
    "C2": {
      "M": [
        48.52962281391753,
        48.52959876894577,
        4.954702361085793e-07
      ],
      "V": [
        12.012282874732062,
        12.012277036430147,
        4.860279110517842e-07
      ],
      "N": [
        93.60000000000002,
        93.6,
        3.109383595804883e-16
      ],
      "ok": true
    },
    "B1": {
      "M": [
        91.87037718608256,
        91.81192559590221,
        0.0006366448563296685
      ],
      "V": [
        93.60000000000002,
        93.60000000000008,
        4.66407539370732e-16
      ],
      "N": [
        12.012282874732064,
        12.012277036430145,
        4.860279113546394e-07
      ],
      "ok": true
    }
  },
  "ok": true,
  "tol": 0.01
}